Name,Symbol,Date,High,Low,Open,Close,Volume,Marketcap
Bitcoin,BTC,2013-04-29 23:59:59,147.48800659179688,134.0,134.44400024414062,144.5399932861328,0.0,1603768864.5
Bitcoin,BTC,2013-04-30 23:59:59,146.92999267578125,134.0500030517578,144.0,139.0,0.0,1542813125.0
Bitcoin,BTC,2013-05-01 23:59:59,139.88999938964844,107.72000122070312,139.0,116.98999786376952,0.0,1298954593.75
Bitcoin,BTC,2013-05-02 23:59:59,125.5999984741211,92.28189849853516,116.37999725341795,105.20999908447266,0.0,1168517495.25
Bitcoin,BTC,2013-05-03 23:59:59,108.12799835205078,79.0999984741211,106.25,97.75,0.0,1085995168.75
Bitcoin,BTC,2013-05-04 23:59:59,115.0,92.5,98.0999984741211,112.5,0.0,1250316562.5
Bitcoin,BTC,2013-05-05 23:59:59,118.8000030517578,107.14299774169922,112.9000015258789,115.91000366210938,0.0,1288693175.5
Bitcoin,BTC,2013-05-06 23:59:59,124.66300201416016,106.63999938964844,115.9800033569336,112.3000030517578,0.0,1249023060.0
Bitcoin,BTC,2013-05-07 23:59:59,113.44400024414062,97.6999969482422,112.25,111.5,0.0,1240593600.0
Bitcoin,BTC,2013-05-08 23:59:59,115.77999877929688,109.5999984741211,109.5999984741211,113.56600189208984,0.0,1264049202.15
Bitcoin,BTC,2013-05-09 23:59:59,113.45999908447266,109.26000213623048,113.1999969482422,112.66999816894533,0.0,1254535382.0
Bitcoin,BTC,2013-05-10 23:59:59,122.0,111.5510025024414,176.61181721573737,117.1999969482422,0.0,1305479080.0
Bitcoin,BTC,2013-05-11 23:59:59,118.6790008544922,113.01000213623048,117.6999969482422,115.24299621582033,0.0,1284207489.42
Bitcoin,BTC,2013-05-12 23:59:59,117.4489974975586,113.43499755859376,115.63999938964844,115.0,0.0,1281982625.0
Bitcoin,BTC,2013-05-13 23:59:59,118.6989974975586,114.5,114.81999969482422,117.9800033569336,0.0,1315710010.5
Bitcoin,BTC,2013-05-14 23:59:59,119.8000030517578,110.25,117.9800033569336,111.5,0.0,1243874487.5
Bitcoin,BTC,2013-05-15 23:59:59,115.80999755859376,103.5,111.4000015258789,114.22000122070312,0.0,1274623812.5
Bitcoin,BTC,2013-05-16 23:59:59,118.76000213623048,112.1999969482422,114.22000122070312,118.76000213623048,0.0,1325726787.0
Bitcoin,BTC,2013-05-17 23:59:59,125.3000030517578,116.5709991455078,118.20999908447266,123.01499938964844,0.0,1373723881.88
Bitcoin,BTC,2013-05-18 23:59:59,125.25,122.3000030517578,123.5,123.4980010986328,0.0,1379574545.85
Bitcoin,BTC,2013-05-19 23:59:59,124.5,119.5709991455078,123.21099853515624,121.98999786376952,0.0,1363204702.75
Bitcoin,BTC,2013-05-20 23:59:59,123.62100219726562,120.12000274658205,122.5,122.0,0.0,1363709900.0
Bitcoin,BTC,2013-05-21 23:59:59,123.0,121.20999908447266,122.0199966430664,122.87999725341795,0.0,1374013440.0
Bitcoin,BTC,2013-05-22 23:59:59,124.0009994506836,122.0,122.88999938964844,123.88899993896484,0.0,1385778992.85
Bitcoin,BTC,2013-05-23 23:59:59,126.93399810791016,123.0999984741211,123.8000030517578,126.6999969482422,0.0,1417769832.5
Bitcoin,BTC,2013-05-24 23:59:59,133.85000610351562,125.71900177001952,126.3000030517578,133.1999969482422,0.0,1491070770.0
Bitcoin,BTC,2013-05-25 23:59:59,133.218994140625,128.89999389648438,133.10000610351562,131.97999572753906,0.0,1477958233.0
Bitcoin,BTC,2013-05-26 23:59:59,136.0,130.61500549316406,131.98599243164062,133.47999572753906,0.0,1495293015.0
Bitcoin,BTC,2013-05-27 23:59:59,135.46499633789062,124.6999969482422,133.5,129.7449951171875,0.0,1454029509.62
Bitcoin,BTC,2013-05-28 23:59:59,130.5800018310547,125.5999984741211,129.77000427246094,129.0,0.0,1446189975.0
Bitcoin,BTC,2013-05-29 23:59:59,132.58999633789062,127.66200256347656,129.0,132.3000030517578,0.0,1483734577.5
Bitcoin,BTC,2013-05-30 23:59:59,132.25,127.0,132.25,128.7989959716797,0.0,1445053940.55
Bitcoin,BTC,2013-05-31 23:59:59,129.89999389648438,126.4000015258789,128.7989959716797,129.0,0.0,1447870200.0
Bitcoin,BTC,2013-06-01 23:59:59,129.77999877929688,127.1989974975586,128.81500244140625,129.3000030517578,0.0,1451916165.0
Bitcoin,BTC,2013-06-02 23:59:59,129.39999389648438,115.0500030517578,129.3000030517578,122.29199981689452,0.0,1373837499.9
Bitcoin,BTC,2013-06-03 23:59:59,122.5,116.0,122.5,122.22200012207033,0.0,1373708057.9
Bitcoin,BTC,2013-06-04 23:59:59,123.83999633789062,119.0999984741211,120.73699951171876,121.41999816894533,0.0,1365337545.0
Bitcoin,BTC,2013-06-05 23:59:59,123.46900177001952,119.89900207519533,121.4000015258789,121.6500015258789,0.0,1368486468.75
Bitcoin,BTC,2013-06-06 23:59:59,123.0999984741211,117.25,121.9000015258789,118.0,0.0,1327960200.0
Bitcoin,BTC,2013-06-07 23:59:59,119.0,106.41999816894533,118.97000122070312,111.5,0.0,1255258637.5
Bitcoin,BTC,2013-06-08 23:59:59,111.41500091552734,107.3000030517578,111.0,108.3000030517578,0.0,1219717920.0
Bitcoin,BTC,2013-06-09 23:59:59,108.98999786376952,88.5,107.89199829101562,100.0,0.0,1126642500.0
Bitcoin,BTC,2013-06-10 23:59:59,110.10099792480467,95.0019989013672,100.43699645996094,106.3499984741211,0.0,1198638945.0
Bitcoin,BTC,2013-06-11 23:59:59,109.5999984741211,104.0,106.3499984741211,108.9000015258789,0.0,1227874725.0
Bitcoin,BTC,2013-06-12 23:59:59,111.78700256347656,106.73400115966795,109.0,108.1500015258789,0.0,1219969852.5
Bitcoin,BTC,2013-06-13 23:59:59,110.3000030517578,100.52999877929688,108.7760009765625,104.0,0.0,1173637400.0
Bitcoin,BTC,2013-06-14 23:59:59,104.6999969482422,98.0,176.61181721573737,99.97889709472656,0.0,1128709292.08
Bitcoin,BTC,2013-06-15 23:59:59,103.6999969482422,98.0,100.0,99.98809814453124,0.0,1129245603.78
Bitcoin,BTC,2013-06-16 23:59:59,101.5999984741211,98.94660186767578,99.8000030517578,99.51000213623048,0.0,1124306271.75
Bitcoin,BTC,2013-06-17 23:59:59,102.20999908447266,99.0,99.9000015258789,101.6999969482422,0.0,1149418485.0
Bitcoin,BTC,2013-06-18 23:59:59,111.11100006103516,101.03299713134766,101.9499969482422,107.4000015258789,0.0,1214216070.0
Bitcoin,BTC,2013-06-19 23:59:59,110.2249984741211,105.75499725341795,107.0500030517578,108.25,0.0,1224193837.5
Bitcoin,BTC,2013-06-20 23:59:59,114.3000030517578,107.5,108.2509994506836,110.1500015258789,0.0,1246104920.0
Bitcoin,BTC,2013-06-21 23:59:59,114.98999786376952,107.68499755859376,111.29000091552734,109.5,0.0,1239214237.5
Bitcoin,BTC,2013-06-22 23:59:59,109.95600128173828,107.51399993896484,109.5,108.3000030517578,0.0,1226110327.5
Bitcoin,BTC,2013-06-23 23:59:59,108.8000030517578,106.23400115966795,108.1999969482422,107.5999984741211,0.0,1218626490.0
Bitcoin,BTC,2013-06-24 23:59:59,108.33399963378906,100.9800033569336,107.9000015258789,102.73699951171876,0.0,1163935725.67
Bitcoin,BTC,2013-06-25 23:59:59,106.47000122070312,101.01000213623048,102.08999633789062,103.9499969482422,0.0,1178086140.0
Bitcoin,BTC,2013-06-26 23:59:59,105.48899841308594,102.79199981689452,103.3290023803711,104.0,0.0,1179105200.0
Bitcoin,BTC,2013-06-27 23:59:59,104.0,101.0999984741211,104.0,101.43699645996094,0.0,1150468022.9
Bitcoin,BTC,2013-06-28 23:59:59,101.73699951171876,92.33300018310548,101.73699951171876,94.64920043945312,0.0,1073887456.97
Bitcoin,BTC,2013-06-29 23:59:59,99.98999786376952,93.0,94.66000366210938,94.99400329589844,0.0,1078198523.95
Bitcoin,BTC,2013-06-30 23:59:59,98.12229919433594,94.22229766845705,94.9990005493164,96.61399841308594,0.0,1096957771.35
Bitcoin,BTC,2013-07-01 23:59:59,97.66490173339844,86.29720306396484,97.51000213623048,88.05000305175781,0.0,1000065296.25
Bitcoin,BTC,2013-07-02 23:59:59,92.3000030517578,87.51000213623047,88.05000305175781,90.13400268554688,0.0,1024082227.85
Bitcoin,BTC,2013-07-03 23:59:59,90.981201171875,76.97920227050781,90.40499877929688,77.52999877929688,0.0,881233115.5
Bitcoin,BTC,2013-07-04 23:59:59,83.1050033569336,72.0,78.88999938964844,80.52580261230469,0.0,915618608.9
Bitcoin,BTC,2013-07-05 23:59:59,80.0,65.5260009765625,79.98999786376953,68.43099975585938,0.0,778411178.875
Bitcoin,BTC,2013-07-06 23:59:59,75.0,66.81999969482422,68.50499725341797,70.27729797363281,0.0,799741618.54
Bitcoin,BTC,2013-07-07 23:59:59,74.56109619140625,66.62000274658203,68.7490005493164,74.56109619140625,0.0,848838978.923
Bitcoin,BTC,2013-07-08 23:59:59,80.0,72.5999984741211,76.5,76.51599884033203,0.0,871457940.1
Bitcoin,BTC,2013-07-09 23:59:59,78.30000305175781,72.5199966430664,76.0,76.69400024414062,0.0,873841849.25
Bitcoin,BTC,2013-07-10 23:59:59,87.0,76.19999694824219,76.72000122070312,86.76000213623047,0.0,988957719.0
Bitcoin,BTC,2013-07-11 23:59:59,90.27999877929688,85.07990264892578,88.0,88.9800033569336,0.0,1014650062.5
Bitcoin,BTC,2013-07-12 23:59:59,104.0,88.16600036621094,88.97899627685547,93.59490203857422,0.0,1067634684.43
Bitcoin,BTC,2013-07-13 23:59:59,98.25,88.06220245361328,93.98989868164062,98.13390350341795,0.0,1119796119.51
Bitcoin,BTC,2013-07-14 23:59:59,98.6999969482422,92.86000061035156,98.6999969482422,94.69129943847656,0.0,1080917760.48
Bitcoin,BTC,2013-07-15 23:59:59,101.9000015258789,93.11000061035156,93.6050033569336,98.40019989013672,0.0,1123658943.86
Bitcoin,BTC,2013-07-16 23:59:59,99.86229705810548,96.1416015625,98.89029693603516,97.45079803466795,0.0,1113217032.45
Bitcoin,BTC,2013-07-17 23:59:59,99.97000122070312,96.18000030517578,96.70999908447266,98.5,0.0,1125658000.0
Bitcoin,BTC,2013-07-18 23:59:59,98.8000030517578,86.19999694824219,98.5,90.58000183105467,0.0,1035512824.5
Bitcoin,BTC,2013-07-19 23:59:59,95.20010375976562,87.80000305175781,90.06890106201172,92.16999816894533,0.0,1054083771.0
Bitcoin,BTC,2013-07-20 23:59:59,93.0999984741211,89.27110290527344,92.0,89.39009857177734,0.0,1022707664.6
Bitcoin,BTC,2013-07-21 23:59:59,91.9499969482422,88.0,89.82140350341797,90.7573013305664,0.0,1038798980.07
Bitcoin,BTC,2013-07-22 23:59:59,91.9980010986328,90.07540130615234,176.61181721573737,91.61000061035156,0.0,1048939080.5
Bitcoin,BTC,2013-07-23 23:59:59,96.81929779052734,91.5999984741211,91.5999984741211,95.55850219726562,0.0,1094484057.67
Bitcoin,BTC,2013-07-24 23:59:59,95.98999786376952,93.0,95.55850219726562,94.51000213623048,0.0,1082848325.0
Bitcoin,BTC,2013-07-25 23:59:59,97.33000183105467,93.8656997680664,94.50499725341795,96.9000015258789,0.0,1110587857.5
Bitcoin,BTC,2013-07-26 23:59:59,97.46910095214844,96.0,96.9499969482422,96.02020263671876,0.0,1100902799.57
Bitcoin,BTC,2013-07-27 23:59:59,96.99500274658205,93.0,96.02010345458984,94.11599731445312,0.0,1079491696.8
Bitcoin,BTC,2013-07-28 23:59:59,100.5770034790039,94.0,94.4000015258789,99.75599670410156,0.0,1144602837.9
Bitcoin,BTC,2013-07-29 23:59:59,102.5,98.45500183105467,98.5999984741211,101.1999969482422,0.0,1161619140.0
Bitcoin,BTC,2013-07-30 23:59:59,107.98999786376952,100.47000122070312,101.48899841308594,107.98999786376952,0.0,1240092366.0
Bitcoin,BTC,2013-07-31 23:59:59,111.34400177001952,103.87999725341795,107.9499969482422,106.08999633789062,0.0,1218777833.5
Bitcoin,BTC,2013-08-01 23:59:59,108.0,103.01100158691406,106.21299743652344,104.0,0.0,1195225200.0
Bitcoin,BTC,2013-08-02 23:59:59,108.0,101.21099853515624,104.8560028076172,104.5009994506836,0.0,1201487184.88
Bitcoin,BTC,2013-08-03 23:59:59,105.77999877929688,102.0019989013672,104.5009994506836,104.00499725341795,0.0,1196226508.12
Bitcoin,BTC,2013-08-04 23:59:59,105.9499969482422,103.52300262451172,104.9499969482422,105.1439971923828,0.0,1209797378.4
Bitcoin,BTC,2013-08-05 23:59:59,107.7699966430664,105.0,105.12000274658205,106.22000122070312,0.0,1222677176.0
Bitcoin,BTC,2013-08-06 23:59:59,107.38200378417967,105.55699920654295,106.72000122070312,106.75,0.0,1229098150.0
Bitcoin,BTC,2013-08-07 23:59:59,106.75,106.75,106.75,106.75,0.0,1229098150.0
Bitcoin,BTC,2013-08-08 23:59:59,106.75,101.26000213623048,106.75,103.0,0.0,1187105900.0
Bitcoin,BTC,2013-08-09 23:59:59,105.75,101.93499755859376,176.61181721573737,102.8000030517578,0.0,1185307130.0
Bitcoin,BTC,2013-08-10 23:59:59,103.9000015258789,102.41000366210938,102.8000030517578,103.0,0.0,1188153925.0
Bitcoin,BTC,2013-08-11 23:59:59,105.19000244140624,102.75499725341795,103.0,105.0,0.0,1211789250.0
Bitcoin,BTC,2013-08-12 23:59:59,108.0,103.5,105.0,106.63600158691406,0.0,1231248580.9
Bitcoin,BTC,2013-08-13 23:59:59,109.3499984741211,104.6500015258789,106.98999786376952,109.0,0.0,1259042650.0
Bitcoin,BTC,2013-08-14 23:59:59,114.99500274658205,108.0009994506836,109.55500030517578,112.56199645996094,0.0,1300656724.05
Bitcoin,BTC,2013-08-15 23:59:59,113.24500274658205,109.0,112.56199645996094,109.98999786376952,0.0,1271404657.25
Bitcoin,BTC,2013-08-16 23:59:59,112.3000030517578,108.51699829101562,109.99500274658205,108.99400329589844,0.0,1260352119.0
Bitcoin,BTC,2013-08-17 23:59:59,113.75,108.2249984741211,108.99400329589844,113.5,0.0,1312996375.0
Bitcoin,BTC,2013-08-18 23:59:59,114.68800354003906,112.0,112.75,113.5,0.0,1313544012.5
Bitcoin,BTC,2013-08-19 23:59:59,123.06199645996094,111.77100372314452,113.37999725341795,119.0,0.0,1377725475.0
Bitcoin,BTC,2013-08-20 23:59:59,123.01100158691406,117.50800323486328,119.0,121.20500183105467,0.0,1403829641.38
Bitcoin,BTC,2013-08-21 23:59:59,124.91400146484376,119.68199920654295,121.20999908447266,123.3000030517578,0.0,1428698677.5
Bitcoin,BTC,2013-08-22 23:59:59,123.5,120.5999984741211,123.3000030517578,121.1500015258789,0.0,1404437432.5
Bitcoin,BTC,2013-08-23 23:59:59,122.0,118.44400024414062,122.0,118.5009994506836,0.0,1374309422.45
Bitcoin,BTC,2013-08-24 23:59:59,121.38999938964844,118.0199966430664,118.51000213623048,120.04499816894533,0.0,1392768092.25
Bitcoin,BTC,2013-08-25 23:59:59,122.98699951171876,119.16999816894533,119.60299682617188,122.11100006103516,0.0,1417198896.58
Bitcoin,BTC,2013-08-26 23:59:59,122.75499725341795,119.93000030517578,122.11100006103516,120.05599975585938,0.0,1393847158.6
Bitcoin,BTC,2013-08-27 23:59:59,127.23999786376952,120.06999969482422,120.06999969482422,126.5,0.0,1469193137.5
Bitcoin,BTC,2013-08-28 23:59:59,127.31999969482422,122.62000274658205,126.4800033569336,122.62000274658205,0.0,1424675797.5
Bitcoin,BTC,2013-08-29 23:59:59,123.6999969482422,122.20999908447266,122.62000274658205,122.38999938964844,0.0,1422584866.25
Bitcoin,BTC,2013-08-30 23:59:59,135.75,120.98999786376952,122.3499984741211,133.49000549316406,0.0,1552288465.0
Bitcoin,BTC,2013-08-31 23:59:59,140.88999938964844,132.72000122070312,133.08999633789062,135.35000610351562,0.0,1574672051.25
Bitcoin,BTC,2013-09-01 23:59:59,145.80999755859375,134.80999755859375,176.61181721573737,138.33999633789062,0.0,1610215347.0
Bitcoin,BTC,2013-09-02 23:59:59,146.5,134.88999938964844,138.6300048828125,135.85000610351562,0.0,1581969853.75
Bitcoin,BTC,2013-09-03 23:59:59,138.33999633789062,133.0,135.61000061035156,136.77000427246094,0.0,1593346565.25
Bitcoin,BTC,2013-09-04 23:59:59,144.5,123.61000061035156,136.52999877929688,126.73999786376952,0.0,1477012117.5
Bitcoin,BTC,2013-09-05 23:59:59,131.44000244140625,121.83000183105467,126.76000213623048,126.43000030517578,0.0,1473965190.5
Bitcoin,BTC,2013-09-06 23:59:59,127.33999633789062,119.1500015258789,126.48999786376952,119.1500015258789,0.0,1389646450.0
Bitcoin,BTC,2013-09-07 23:59:59,125.94000244140624,118.45999908447266,118.88999938964844,124.1500015258789,0.0,1448411493.75
Bitcoin,BTC,2013-09-08 23:59:59,124.72000122070312,120.48999786376952,124.12999725341795,121.66000366210938,0.0,1419836071.5
Bitcoin,BTC,2013-09-09 23:59:59,129.05999755859375,119.75,121.86000061035156,127.11000061035156,0.0,1484085516.0
Bitcoin,BTC,2013-09-10 23:59:59,129.74000549316406,125.9000015258789,127.2699966430664,125.91000366210938,0.0,1470679164.0
Bitcoin,BTC,2013-09-11 23:59:59,137.8300018310547,123.2699966430664,125.88999938964844,135.25,0.0,1580450350.0
Bitcoin,BTC,2013-09-12 23:59:59,136.0800018310547,131.80999755859375,135.5500030517578,133.1300048828125,0.0,1556386219.25
Bitcoin,BTC,2013-09-13 23:59:59,137.5800018310547,132.27000427246094,132.8300018310547,134.97999572753906,0.0,1578699084.0
Bitcoin,BTC,2013-09-14 23:59:59,135.85000610351562,128.8699951171875,135.00999450683594,129.22000122070312,0.0,1512038755.5
Bitcoin,BTC,2013-09-15 23:59:59,131.44000244140625,128.25999450683594,129.39999389648438,130.3699951171875,0.0,1526085146.0
Bitcoin,BTC,2013-09-16 23:59:59,132.72000122070312,129.77000427246094,130.86000061035156,131.72000122070312,0.0,1542395098.0
Bitcoin,BTC,2013-09-17 23:59:59,132.75999450683594,124.88999938964844,131.58999633789062,131.66000366210938,0.0,1542278406.0
Bitcoin,BTC,2013-09-18 23:59:59,133.1999969482422,130.5399932861328,131.7100067138672,131.47000122070312,0.0,1540598327.5
Bitcoin,BTC,2013-09-19 23:59:59,131.77000427246094,128.4499969482422,131.3699951171875,129.64999389648438,0.0,1519883708.75
Bitcoin,BTC,2013-09-20 23:59:59,135.6199951171875,126.68000030517578,129.6999969482422,127.04000091552734,0.0,1489921944.0
Bitcoin,BTC,2013-09-21 23:59:59,128.61000061035156,126.23999786376952,126.9499969482422,127.43000030517578,0.0,1495101146.75
Bitcoin,BTC,2013-09-22 23:59:59,133.94000244140625,126.58999633789062,127.87000274658205,129.1199951171875,0.0,1515584736.0
Bitcoin,BTC,2013-09-23 23:59:59,132.72500610351562,125.66000366210938,128.97999572753906,125.9499969482422,0.0,1479037147.5
Bitcoin,BTC,2013-09-24 23:59:59,127.45999908447266,125.38999938964844,126.0500030517578,127.25,0.0,1494974356.25
Bitcoin,BTC,2013-09-25 23:59:59,129.69000244140625,127.33000183105467,127.37999725341795,128.22000122070312,0.0,1507033770.0
Bitcoin,BTC,2013-09-26 23:59:59,134.9340057373047,127.31999969482422,128.2100067138672,128.3800048828125,0.0,1509434269.0
Bitcoin,BTC,2013-09-27 23:59:59,134.74000549316406,128.49000549316406,128.94000244140625,133.77999877929688,0.0,1573520360.0
Bitcoin,BTC,2013-09-28 23:59:59,135.6300048828125,132.55999755859375,133.77000427246094,134.77999877929688,0.0,1585878761.5
Bitcoin,BTC,2013-09-29 23:59:59,140.61000061035156,134.7100067138672,134.89999389648438,137.33999633789062,0.0,1616584504.5
Bitcoin,BTC,2013-09-30 23:59:59,138.35000610351562,130.27000427246094,137.14999389648438,133.0,0.0,1566038425.0
Bitcoin,BTC,2013-10-01 23:59:59,134.6300048828125,131.5500030517578,132.67999267578125,132.17999267578125,0.0,1557001092.0
Bitcoin,BTC,2013-10-02 23:59:59,133.58999633789062,102.25,132.0500030517578,114.12999725341795,0.0,1344930746.0
Bitcoin,BTC,2013-10-03 23:59:59,123.62999725341795,111.81999969482422,114.4499969482422,123.62999725341795,0.0,1457492614.5
Bitcoin,BTC,2013-10-04 23:59:59,130.08999633789062,123.41000366210938,123.41000366210938,129.00999450683594,0.0,1521498786.5
Bitcoin,BTC,2013-10-05 23:59:59,130.44000244140625,128.02999877929688,128.6300048828125,128.5500030517578,0.0,1516777518.75
Bitcoin,BTC,2013-10-06 23:59:59,129.66000366210938,126.1500015258789,128.36000061035156,129.0,0.0,1522686975.0
Bitcoin,BTC,2013-10-07 23:59:59,130.27000427246094,126.36000061035156,129.42999267578125,126.94000244140624,0.0,1498859917.5
Bitcoin,BTC,2013-10-08 23:59:59,127.47000122070312,124.70999908447266,126.73999786376952,126.0,0.0,1488277350.0
Bitcoin,BTC,2013-10-09 23:59:59,131.75,125.58000183105467,125.8499984741211,130.69000244140625,0.0,1544249376.25
Bitcoin,BTC,2013-10-10 23:59:59,131.5,129.25999450683594,130.6699981689453,130.58999633789062,0.0,1543701125.25
Bitcoin,BTC,2013-10-11 23:59:59,131.80999755859375,129.63999938964844,130.75,130.89999389648438,0.0,1547971040.0
Bitcoin,BTC,2013-10-12 23:59:59,135.66000366210938,130.55999755859375,130.89999389648438,135.19000244140625,0.0,1599426130.5
Bitcoin,BTC,2013-10-13 23:59:59,138.66000366210938,134.5500030517578,135.19000244140625,138.1300048828125,0.0,1634968838.5
Bitcoin,BTC,2013-10-14 23:59:59,144.1199951171875,138.89999389648438,139.27000427246094,140.52000427246094,0.0,1664129178.0
Bitcoin,BTC,2013-10-15 23:59:59,145.38999938964844,139.1300048828125,140.77000427246094,145.24000549316406,0.0,1720981439.0
Bitcoin,BTC,2013-10-16 23:59:59,152.22999572753906,142.42999267578125,145.64999389648438,142.5500030517578,0.0,1689851847.5
Bitcoin,BTC,2013-10-17 23:59:59,147.4199981689453,142.41000366210938,142.41000366210938,146.25,0.0,1734327562.5
Bitcoin,BTC,2013-10-18 23:59:59,155.9600067138672,145.57000732421875,146.3699951171875,155.9600067138672,0.0,1850219763.0
Bitcoin,BTC,2013-10-19 23:59:59,177.47999572753906,155.6999969482422,155.91000366210938,172.4199981689453,0.0,2046457290.5
Bitcoin,BTC,2013-10-20 23:59:59,174.91000366210938,168.9499969482422,171.66000366210938,174.61000061035156,0.0,2073319140.0
Bitcoin,BTC,2013-10-21 23:59:59,184.82000732421875,174.8000030517578,174.8000030517578,182.2100067138672,0.0,2164518142.5
Bitcoin,BTC,2013-10-22 23:59:59,196.2700042724609,182.6499938964844,182.6499938964844,193.75999450683597,0.0,2302910260.0
Bitcoin,BTC,2013-10-23 23:59:59,213.6199951171875,192.3800048828125,193.3600006103516,213.6199951171875,0.0,2540139398.5
Bitcoin,BTC,2013-10-24 23:59:59,217.4199981689453,168.52000427246094,214.3000030517578,198.22999572753903,0.0,2358198593.25
Bitcoin,BTC,2013-10-25 23:59:59,198.8699951171875,168.5,197.69000244140625,186.69000244140625,0.0,2222012383.5
Bitcoin,BTC,2013-10-26 23:59:59,188.41000366210935,175.75,187.4499969482422,177.32000732421875,0.0,2111296044.0
Bitcoin,BTC,2013-10-27 23:59:59,196.44000244140625,176.60000610351562,176.60000610351562,196.44000244140625,0.0,2339831217.0
Bitcoin,BTC,2013-10-28 23:59:59,198.6199951171875,192.05999755859372,196.2100067138672,198.5500030517578,0.0,2365837416.25
Bitcoin,BTC,2013-10-29 23:59:59,204.7899932861328,198.5500030517578,198.5500030517578,204.38999938964844,0.0,2436241934.25
Bitcoin,BTC,2013-10-30 23:59:59,209.16000366210935,199.97000122070312,204.38999938964844,199.97000122070312,0.0,2384492272.5
Bitcoin,BTC,2013-10-31 23:59:59,205.17999267578125,198.8500061035156,199.8300018310547,204.0,0.0,2433658800.0
Bitcoin,BTC,2013-11-01 23:59:59,206.6499938964844,202.1300048828125,203.8999938964844,206.17999267578125,0.0,2460742836.5
Bitcoin,BTC,2013-11-02 23:59:59,207.75999450683597,201.6499938964844,205.80999755859372,206.22000122070312,0.0,2462261644.5
Bitcoin,BTC,2013-11-03 23:59:59,215.0500030517578,203.9900054931641,205.9900054931641,215.0500030517578,0.0,2568713111.25
Bitcoin,BTC,2013-11-04 23:59:59,231.00999450683597,213.94000244140625,214.66000366210935,229.1000061035156,0.0,2737659087.5
Bitcoin,BTC,2013-11-05 23:59:59,250.66000366210935,226.22000122070312,229.2100067138672,245.2400054931641,0.0,2931598960.0
Bitcoin,BTC,2013-11-06 23:59:59,263.0,244.77999877929688,244.77999877929688,262.5,0.0,3138994687.5
Bitcoin,BTC,2013-11-07 23:59:59,304.1700134277344,261.54998779296875,261.67999267578125,296.4100036621094,0.0,3545560086.75
Bitcoin,BTC,2013-11-08 23:59:59,338.6600036621094,296.92999267578125,297.8500061035156,338.1099853515625,0.0,4045494602.75
Bitcoin,BTC,2013-11-09 23:59:59,370.8200073242188,319.7099914550781,338.5799865722656,339.1099853515625,0.0,4058705857.0
Bitcoin,BTC,2013-11-10 23:59:59,350.70001220703125,277.239990234375,348.82000732421875,326.6199951171875,0.0,3910613094.5
Bitcoin,BTC,2013-11-11 23:59:59,351.2699890136719,311.7799987792969,325.4100036621094,342.44000244140625,0.0,4101635027.0
Bitcoin,BTC,2013-11-12 23:59:59,362.80999755859375,342.79998779296875,343.0599975585937,360.3299865722656,0.0,4317726291.0
Bitcoin,BTC,2013-11-13 23:59:59,414.0499877929688,359.79998779296875,360.9700012207031,407.3699951171875,0.0,4883103453.0
Bitcoin,BTC,2013-11-14 23:59:59,425.8999938964844,395.1900024414063,406.4100036621094,420.2000122070313,0.0,5038817795.0
Bitcoin,BTC,2013-11-15 23:59:59,437.8900146484375,396.1099853515625,419.4100036621094,417.9500122070313,0.0,5013561020.0
Bitcoin,BTC,2013-11-16 23:59:59,450.260009765625,415.5700073242188,417.2799987792969,440.2200012207031,0.0,5282849104.5
Bitcoin,BTC,2013-11-17 23:59:59,500.5799865722656,440.239990234375,440.9599914550781,492.1099853515625,0.0,5907842063.75
Bitcoin,BTC,2013-11-18 23:59:59,703.780029296875,494.9400024414063,496.5799865722656,703.5599975585938,0.0,8449069629.0
Bitcoin,BTC,2013-11-19 23:59:59,806.1099853515625,456.3900146484375,712.760009765625,584.6099853515625,0.0,7022949160.5
Bitcoin,BTC,2013-11-20 23:59:59,599.6500244140625,448.4500122070313,577.97998046875,590.8300170898438,0.0,7100077963.75
Bitcoin,BTC,2013-11-21 23:59:59,733.4000244140625,577.2899780273438,594.3200073242188,722.4299926757812,0.0,8684240726.25
Bitcoin,BTC,2013-11-22 23:59:59,780.8499755859375,668.1300048828125,724.0700073242188,771.4400024414062,0.0,9276681716.0
Bitcoin,BTC,2013-11-23 23:59:59,844.969970703125,771.7000122070312,771.7000122070312,797.8200073242188,0.0,9597335799.0
Bitcoin,BTC,2013-11-24 23:59:59,807.3599853515625,722.8699951171875,795.6300048828125,774.25,0.0,9317034156.25
Bitcoin,BTC,2013-11-25 23:59:59,810.6799926757812,754.4299926757812,773.02001953125,799.1099853515625,0.0,9619646224.5
Bitcoin,BTC,2013-11-26 23:59:59,928.5399780273438,800.7999877929688,805.72998046875,928.0999755859376,0.0,11176110592.5
Bitcoin,BTC,2013-11-27 23:59:59,1001.9600219726562,891.6799926757812,923.8499755859376,1001.9600219726562,0.0,12069885699.0
Bitcoin,BTC,2013-11-28 23:59:59,1077.56005859375,962.1699829101562,1003.3800048828124,1031.949951171875,0.0,12435823060.0
Bitcoin,BTC,2013-11-29 23:59:59,1146.969970703125,1000.6400146484376,1042.010009765625,1131.969970703125,0.0,13646039846.2
Bitcoin,BTC,2013-11-30 23:59:59,1156.1400146484375,1106.6099853515625,1129.3699951171875,1129.4300537109375,0.0,13620389320.8
Bitcoin,BTC,2013-12-01 23:59:59,1133.0799560546875,801.8200073242188,1128.9200439453125,955.8499755859376,0.0,11531708947.5
Bitcoin,BTC,2013-12-02 23:59:59,1055.4200439453125,938.4099731445312,951.4199829101562,1043.3299560546875,0.0,12591271605.5
Bitcoin,BTC,2013-12-03 23:59:59,1096.0,1011.2100219726562,1046.4000244140625,1078.280029296875,0.0,13018451838.0
Bitcoin,BTC,2013-12-04 23:59:59,1156.1199951171875,1070.1600341796875,1077.5799560546875,1151.1700439453125,0.0,13903428350.5
Bitcoin,BTC,2013-12-05 23:59:59,1154.3599853515625,897.1099853515625,1152.72998046875,1045.1099853515625,0.0,12626914509.0
Bitcoin,BTC,2013-12-06 23:59:59,1042.3800048828125,829.4500122070312,1042.3800048828125,829.4500122070312,0.0,10025645095.0
Bitcoin,BTC,2013-12-07 23:59:59,854.6400146484375,640.219970703125,835.3200073242188,698.22998046875,0.0,8442962248.5
Bitcoin,BTC,2013-12-08 23:59:59,802.510009765625,670.8800048828125,697.3099975585938,795.8699951171875,0.0,9627500112.75
Bitcoin,BTC,2013-12-09 23:59:59,921.9299926757812,780.9000244140625,793.7999877929688,893.1900024414062,0.0,10808715487.5
Bitcoin,BTC,2013-12-10 23:59:59,997.22998046875,892.3200073242188,892.3200073242188,988.510009765625,0.0,11966951485.5
Bitcoin,BTC,2013-12-11 23:59:59,1001.5800170898438,834.22998046875,989.0700073242188,878.47998046875,0.0,10638546534.0
Bitcoin,BTC,2013-12-12 23:59:59,901.9400024414062,844.9500122070312,882.780029296875,873.260009765625,0.0,10578889955.0
Bitcoin,BTC,2013-12-13 23:59:59,941.7899780273438,860.0499877929688,874.97998046875,892.5800170898438,0.0,10816819988.0
Bitcoin,BTC,2013-12-14 23:59:59,904.6500244140624,858.3599853515625,899.8499755859375,872.5999755859375,0.0,10578987915.0
Bitcoin,BTC,2013-12-15 23:59:59,886.1599731445312,825.0,875.2899780273438,876.1199951171875,0.0,10625517651.0
Bitcoin,BTC,2013-12-16 23:59:59,882.25,668.25,880.3300170898438,705.969970703125,0.0,8565534010.0
Bitcoin,BTC,2013-12-17 23:59:59,754.8300170898438,630.8800048828125,706.3699951171875,682.1199951171875,0.0,8279623719.0
Bitcoin,BTC,2013-12-18 23:59:59,679.3200073242188,420.510009765625,678.2000122070312,522.7000122070312,0.0,6347159167.5
Bitcoin,BTC,2013-12-19 23:59:59,707.22998046875,502.8900146484375,519.0599975585938,691.9600219726562,0.0,8406397153.0
Bitcoin,BTC,2013-12-20 23:59:59,729.1599731445312,595.3300170898438,694.219970703125,625.3200073242188,0.0,7599576492.0
Bitcoin,BTC,2013-12-21 23:59:59,654.27001953125,579.1699829101562,619.9000244140625,605.6599731445312,0.0,7363114610.5
Bitcoin,BTC,2013-12-22 23:59:59,666.739990234375,585.6400146484375,601.780029296875,617.1799926757812,0.0,7505757422.5
Bitcoin,BTC,2013-12-23 23:59:59,680.9099731445312,611.0399780273438,613.0599975585938,673.4099731445312,0.0,8192487201.75
Bitcoin,BTC,2013-12-24 23:59:59,684.3900146484375,645.7100219726562,672.3599853515625,665.5800170898438,0.0,8100042042.0
Bitcoin,BTC,2013-12-25 23:59:59,682.7000122070312,649.47998046875,666.3099975585938,682.2100219726562,0.0,8305173374.25
Bitcoin,BTC,2013-12-26 23:59:59,777.75,683.9400024414062,683.9400024414062,761.97998046875,0.0,9279735331.0
Bitcoin,BTC,2013-12-27 23:59:59,777.510009765625,713.5999755859375,763.280029296875,735.0700073242188,46862700.0,8955394563.5
Bitcoin,BTC,2013-12-28 23:59:59,747.0599975585938,705.3499755859375,737.97998046875,727.8300170898438,32505800.0,8869918644.0
Bitcoin,BTC,2013-12-29 23:59:59,748.6099853515625,714.4400024414062,728.0499877929688,745.0499877929688,19011300.0,9082103621.25
Bitcoin,BTC,2013-12-30 23:59:59,766.5999755859375,740.239990234375,741.3499755859375,756.1300048828125,20707700.0,9217167990.25
Bitcoin,BTC,2013-12-31 23:59:59,760.5800170898438,738.1699829101562,760.3200073242188,754.010009765625,20897300.0,9191325349.25
Bitcoin,BTC,2014-01-01 23:59:59,775.3499755859375,754.969970703125,754.969970703125,771.4000244140625,22489400.0,9403308145.0
Bitcoin,BTC,2014-01-02 23:59:59,820.3099975585938,767.2100219726562,773.4400024414062,802.3900146484375,38489500.0,9781073920.75
Bitcoin,BTC,2014-01-03 23:59:59,834.1500244140625,789.1199951171875,802.8499755859375,818.719970703125,37810100.0,9980135396.0
Bitcoin,BTC,2014-01-04 23:59:59,859.510009765625,801.6699829101562,823.27001953125,859.510009765625,38005000.0,10477362436.8
Bitcoin,BTC,2014-01-05 23:59:59,952.4000244140624,854.52001953125,858.5499877929688,933.530029296875,72898496.0,11379660685.2
Bitcoin,BTC,2014-01-06 23:59:59,1017.1199951171876,905.7100219726562,936.0499877929688,953.2899780273438,85565696.0,11620533603.2
Bitcoin,BTC,2014-01-07 23:59:59,965.739990234375,802.0,946.489990234375,802.0,81311696.0,9808299600.0
Bitcoin,BTC,2014-01-08 23:59:59,870.6799926757812,776.1799926757812,795.989990234375,842.719970703125,74175600.0,10310363180.0
Bitcoin,BTC,2014-01-09 23:59:59,864.3599853515625,804.1400146484375,841.469970703125,846.8599853515625,59998600.0,10365397028.0
Bitcoin,BTC,2014-01-10 23:59:59,871.1900024414062,822.5999755859375,846.6900024414062,868.47998046875,31876800.0,10634081648.0
Bitcoin,BTC,2014-01-11 23:59:59,921.47998046875,861.719970703125,867.3200073242188,913.9500122070312,44754200.0,11195636163.8
Bitcoin,BTC,2014-01-12 23:59:59,928.52001953125,851.1699829101562,919.5999755859376,863.219970703125,39623500.0,10578653197.5
Bitcoin,BTC,2014-01-13 23:59:59,861.2899780273438,806.0499877929688,860.1900024414062,841.2000122070312,45580900.0,10312375950.0
Bitcoin,BTC,2014-01-14 23:59:59,855.6900024414062,825.6599731445312,843.1699829101562,833.27001953125,20829800.0,10218535832.2
Bitcoin,BTC,2014-01-15 23:59:59,872.8099975585938,830.8599853515625,833.1199951171875,860.9000244140625,28107200.0,10561305975.0
Bitcoin,BTC,2014-01-16 23:59:59,866.1599731445312,835.6300048828125,860.2899780273438,835.6300048828125,19149300.0,10255185612.0
Bitcoin,BTC,2014-01-17 23:59:59,842.9099731445312,797.6300048828125,834.489990234375,814.6400146484375,39031700.0,10000663202.0
Bitcoin,BTC,2014-01-18 23:59:59,841.489990234375,816.0700073242188,816.0700073242188,840.0,18052700.0,10315662000.0
Bitcoin,BTC,2014-01-19 23:59:59,870.9600219726562,825.530029296875,839.6599731445312,870.9600219726562,24365700.0,10699504086.0
Bitcoin,BTC,2014-01-20 23:59:59,886.3900146484375,853.8699951171875,871.3900146484375,870.2000122070312,27652700.0,10694453430.0
Bitcoin,BTC,2014-01-21 23:59:59,881.2000122070312,855.9299926757812,869.6500244140625,863.9099731445312,18997300.0,10620283205.2
Bitcoin,BTC,2014-01-22 23:59:59,870.1500244140625,837.3599853515625,867.2100219726562,845.5900268554688,18453700.0,10399573174.0
Bitcoin,BTC,2014-01-23 23:59:59,851.5700073242188,819.3200073242188,845.4600219726562,822.0399780273438,15607100.0,10113558120.0
Bitcoin,BTC,2014-01-24 23:59:59,822.4299926757812,783.5800170898438,822.4299926757812,797.0700073242188,34912000.0,9810138292.5
Bitcoin,BTC,2014-01-25 23:59:59,861.4500122070312,792.9600219726562,796.239990234375,853.6099853515625,24303900.0,10509539618.8
Bitcoin,BTC,2014-01-26 23:59:59,897.02001953125,844.8599853515625,853.6799926757812,885.280029296875,32224300.0,10902798632.0
Bitcoin,BTC,2014-01-27 23:59:59,893.0,757.1099853515625,884.5999755859375,771.3900146484375,49233600.0,9503544084.75
Bitcoin,BTC,2014-01-28 23:59:59,832.5,766.97998046875,774.02001953125,812.510009765625,44875500.0,10013251363.5
Bitcoin,BTC,2014-01-29 23:59:59,836.8699951171875,809.8499755859375,809.9600219726562,826.0,17984400.0,10182659550.0
Bitcoin,BTC,2014-01-30 23:59:59,830.5,799.0599975585938,826.02001953125,819.030029296875,29918200.0,10100339387.2
Bitcoin,BTC,2014-01-31 23:59:59,831.8699951171875,812.5999755859375,818.4299926757812,829.9199829101562,17107900.0,10238411820.0
Bitcoin,BTC,2014-02-01 23:59:59,853.52001953125,827.1099853515625,828.6099853515625,832.5800170898438,19668700.0,10275202812.0
Bitcoin,BTC,2014-02-02 23:59:59,844.719970703125,820.6699829101562,832.9000244140625,825.3699951171875,11300900.0,10190038654.2
Bitcoin,BTC,2014-02-03 23:59:59,826.47998046875,807.219970703125,824.0800170898438,823.8300170898438,13940100.0,10174774202.2
Bitcoin,BTC,2014-02-04 23:59:59,840.1699829101562,820.9400024414062,823.77001953125,827.9600219726562,16609700.0,10229342305.0
Bitcoin,BTC,2014-02-05 23:59:59,837.3200073242188,811.9099731445312,829.9600219726562,811.9099731445312,22395100.0,10034436285.5
Bitcoin,BTC,2014-02-06 23:59:59,819.8099975585938,770.5900268554688,815.5900268554688,781.5499877929688,50108700.0,9662791118.75
Bitcoin,BTC,2014-02-07 23:59:59,783.2000122070312,654.3499755859375,783.2000122070312,712.4000244140625,113643000.0,8810607000.0
Bitcoin,BTC,2014-02-08 23:59:59,721.8200073242188,661.8699951171875,699.5700073242188,673.9199829101562,38742600.0,8337738240.0
Bitcoin,BTC,2014-02-09 23:59:59,712.27001953125,655.25,671.4600219726562,682.9000244140625,39311400.0,8451228950.0
Bitcoin,BTC,2014-02-10 23:59:59,703.7100219726562,550.5,681.3200073242188,681.030029296875,112758000.0,8430742782.0
Bitcoin,BTC,2014-02-11 23:59:59,712.4600219726562,636.6599731445312,683.5,672.1699829101562,72745200.0,8323817195.0
Bitcoin,BTC,2014-02-12 23:59:59,672.9000244140625,643.0399780273438,672.3800048828125,651.719970703125,25367600.0,8073458481.0
Bitcoin,BTC,2014-02-13 23:59:59,657.989990234375,601.9099731445312,651.0800170898438,605.239990234375,38588100.0,7500376176.0
Bitcoin,BTC,2014-02-14 23:59:59,691.719970703125,541.0399780273438,601.1699829101562,661.989990234375,102506000.0,8206805878.25
Bitcoin,BTC,2014-02-15 23:59:59,661.8400268554688,632.8400268554688,660.9000244140625,650.9199829101562,26709200.0,8072579656.0
Bitcoin,BTC,2014-02-16 23:59:59,665.0999755859375,584.1699829101562,651.2999877929688,616.6300048828125,40061700.0,7650358836.75
Bitcoin,BTC,2014-02-17 23:59:59,656.9500122070312,607.3099975585938,614.22998046875,626.27001953125,31948400.0,7772386462.0
Bitcoin,BTC,2014-02-18 23:59:59,645.760009765625,612.5399780273438,627.1599731445312,626.5999755859375,20015100.0,7779035355.0
Bitcoin,BTC,2014-02-19 23:59:59,631.77001953125,618.7000122070312,625.969970703125,623.030029296875,13897800.0,7737830115.25
Bitcoin,BTC,2014-02-20 23:59:59,627.72998046875,556.1400146484375,623.0900268554688,556.1400146484375,46905000.0,6909538974.0
Bitcoin,BTC,2014-02-21 23:59:59,582.9600219726562,530.469970703125,556.8800048828125,574.1599731445312,47308100.0,7135603064.0
Ethereum,ETH,2015-08-08 23:59:59,2.7988100051879883,0.7147250175476074,2.793760061264038,0.7533249855041504,674188.0,45486894.2408
Ethereum,ETH,2015-08-09 23:59:59,0.8798099756240845,0.629190981388092,0.7061359882354736,0.7018970251083374,532170.0,42399573.4991
Ethereum,ETH,2015-08-10 23:59:59,0.7298539876937866,0.6365460157394409,0.7139890193939209,0.7084479928016663,405283.0,42818364.3945
Ethereum,ETH,2015-08-11 23:59:59,1.131410002708435,0.6632350087165833,0.7080870270729065,1.0678600072860718,1463100.0,64569288.4328
Ethereum,ETH,2015-08-12 23:59:59,1.2899399995803833,0.8836079835891724,1.058750033378601,1.2174400091171265,2150620.0,73645010.9863
Ethereum,ETH,2015-08-13 23:59:59,1.9650700092315676,1.1719900369644165,1.222239971160889,1.827669978141785,4068680.0,110607191.674
Ethereum,ETH,2015-08-14 23:59:59,2.2618799209594727,1.7547500133514404,1.810920000076294,1.8278700113296509,4637030.0,110672321.811
Ethereum,ETH,2015-08-15 23:59:59,1.8772399425506592,1.5709799528121948,1.802889943122864,1.6888999938964844,2554360.0,102303608.467
Ethereum,ETH,2015-08-16 23:59:59,1.6952400207519531,1.0898100137710571,1.6843500137329102,1.5660300254821775,3550790.0,94901005.3503
Ethereum,ETH,2015-08-17 23:59:59,1.58118999004364,1.1853400468826294,1.58118999004364,1.2036099433898926,1942830.0,87295366.5007
Ethereum,ETH,2015-08-18 23:59:59,1.3311599493026731,1.087049961090088,1.2152999639511108,1.087049961090088,1485680.0,78868413.078
Ethereum,ETH,2015-08-19 23:59:59,1.317989945411682,1.1669299602508545,1.1669299602508545,1.2588599920272827,1486240.0,91366391.4393
Ethereum,ETH,2015-08-20 23:59:59,1.5333000421524048,1.248329997062683,1.2511800527572632,1.4649200439453125,2843760.0,106351420.178
Ethereum,ETH,2015-08-21 23:59:59,1.5564199686050415,1.3528000116348269,1.477519989013672,1.3952900171279907,2020970.0,101331855.597
Ethereum,ETH,2015-08-22 23:59:59,1.4764100313186646,1.352679967880249,1.396289944648743,1.37923002243042,948310.0,100201825.662
Ethereum,ETH,2015-08-23 23:59:59,1.4097000360488892,1.2977700233459473,1.375,1.3525899648666382,1589300.0,98300351.3461
Ethereum,ETH,2015-08-24 23:59:59,1.362779974937439,1.2312699556350708,1.3455899953842163,1.2312699556350708,924920.0,89515256.5525
Ethereum,ETH,2015-08-25 23:59:59,1.241819977760315,1.1286499500274658,1.2286100387573242,1.1401900053024292,1307180.0,82922632.9052
Ethereum,ETH,2015-08-26 23:59:59,1.2024799585342407,1.0618300437927246,1.132789969444275,1.159980058670044,1056750.0,84390923.5384
Ethereum,ETH,2015-08-27 23:59:59,1.188830018043518,1.1372900009155271,1.1698100566864014,1.147699952125549,686662.0,83524585.3858
Ethereum,ETH,2015-08-28 23:59:59,1.2077900171279907,1.1204999685287476,1.1476600170135498,1.1913800239562988,721872.0,86731076.6374
Ethereum,ETH,2015-08-29 23:59:59,1.2072099447250366,1.1494899988174438,1.1935299634933472,1.1825499534606934,375377.0,86113894.6912
Ethereum,ETH,2015-08-30 23:59:59,1.367990016937256,1.170609951019287,1.1829899549484253,1.3192700147628784,1337650.0,96097349.1063
Ethereum,ETH,2015-08-31 23:59:59,1.39614999294281,1.20100998878479,1.3213800191879272,1.358240008354187,1447180.0,98963974.8992
Ethereum,ETH,2015-09-01 23:59:59,1.39274001121521,1.3366299867630005,1.3534799814224243,1.3516099452972412,778862.0,98507500.0511
Ethereum,ETH,2015-09-02 23:59:59,1.3549100160598757,1.2646199464797974,1.3515700101852417,1.2947900295257568,883769.0,94389544.2517
Ethereum,ETH,2015-09-03 23:59:59,1.3099900484085083,1.2110300064086914,1.2951899766921997,1.264930009841919,702991.0,92234142.4838
Ethereum,ETH,2015-09-04 23:59:59,1.3025200366973877,1.2368099689483645,1.264930009841919,1.2744100093841553,474391.0,92953700.9787
Ethereum,ETH,2015-09-05 23:59:59,1.3423000574111938,1.2711900472640991,1.28056001663208,1.3388099670410156,448453.0,97683882.5429
Ethereum,ETH,2015-09-06 23:59:59,1.3736399412155151,1.2942500114440918,1.3380099534988403,1.295830011367798,491968.0,94580163.7911
Ethereum,ETH,2015-09-07 23:59:59,1.3054800033569336,1.2378499507904053,1.2958999872207642,1.246649980545044,489014.0,91020734.5517
Ethereum,ETH,2015-09-08 23:59:59,1.282379984855652,1.2306100130081177,1.246649980545044,1.2424299716949463,427892.0,90743242.4997
Ethereum,ETH,2015-09-09 23:59:59,1.2604800462722778,1.201840043067932,1.2393499612808228,1.2065099477767944,366748.0,88150124.7109
Ethereum,ETH,2015-09-10 23:59:59,1.2215700149536133,1.1361500024795532,1.207610011100769,1.1657700538635254,662782.0,85202731.6627
Ethereum,ETH,2015-09-11 23:59:59,1.16907000541687,0.9406750202178956,1.16497004032135,0.9829779863357544,1942600.0,71868264.5796
Ethereum,ETH,2015-09-12 23:59:59,1.1148899793624878,0.9697800278663636,0.987227976322174,1.0387400388717651,772430.0,75971273.1522
Ethereum,ETH,2015-09-13 23:59:59,1.0427000522613523,0.9028319716453552,1.0417799949645996,0.936003029346466,644138.0,68480586.7159
Ethereum,ETH,2015-09-14 23:59:59,0.9493870139122008,0.8717600107192993,0.9405660033226012,0.8756219744682312,741085.0,64084134.617
Ethereum,ETH,2015-09-15 23:59:59,1.0455399751663208,0.8751890063285828,0.8751890063285828,0.9444100260734558,703390.0,69141408.7519
Ethereum,ETH,2015-09-16 23:59:59,0.9526979923248292,0.9016389846801758,0.9419770240783693,0.9071750044822692,615593.0,66437873.289
Ethereum,ETH,2015-09-17 23:59:59,0.9092040061950684,0.8311319947242737,0.9068650007247924,0.8742309808731079,897940.0,64046215.9505
Ethereum,ETH,2015-09-18 23:59:59,0.8881019949913025,0.8339080214500427,0.8745740056037903,0.8536850214004517,484622.0,62561883.0773
Ethereum,ETH,2015-09-19 23:59:59,0.9118829965591432,0.8337839841842651,0.849602997303009,0.8823909759521484,386988.0,64687991.9997
Ethereum,ETH,2015-09-20 23:59:59,0.9477409720420836,0.8732050061225891,0.8811910152435303,0.938444972038269,508314.0,68822183.059
Ethereum,ETH,2015-09-21 23:59:59,0.9573259949684144,0.8783010244369507,0.9414960145950316,0.9190469980239868,424039.0,67422915.0922
Ethereum,ETH,2015-09-22 23:59:59,0.9193369746208192,0.8652250170707703,0.9193369746208192,0.9017959833145142,487914.0,66180153.1012
Ethereum,ETH,2015-09-23 23:59:59,0.9089099764823914,0.8851360082626343,0.9035599827766418,0.8934059739112854,200541.0,65587498.9815
Ethereum,ETH,2015-09-24 23:59:59,0.9085710048675536,0.7934600114822388,0.8967959880828857,0.8136100172996521,842505.0,59749887.5183
Ethereum,ETH,2015-09-25 23:59:59,0.8256649971008301,0.7127450108528137,0.8200309872627258,0.7362229824066162,903457.0,54085581.3072
Ethereum,ETH,2015-09-26 23:59:59,0.7875440120697021,0.7093279957771301,0.7376300096511841,0.7859640121459961,369620.0,57759115.3858
Ethereum,ETH,2015-09-27 23:59:59,0.7912769913673401,0.719169020652771,0.7912769913673401,0.7208390235900879,413801.0,52990396.2203
Ethereum,ETH,2015-09-28 23:59:59,0.7256770133972168,0.5570619702339172,0.7237150073051453,0.5828859806060791,1320890.0,42863006.0965
Ethereum,ETH,2015-09-29 23:59:59,0.6758300065994263,0.5583459734916687,0.5794140100479126,0.6611459851264954,913992.0,48633258.7786
Ethereum,ETH,2015-09-30 23:59:59,0.7467219829559326,0.6358609795570374,0.661191999912262,0.738644003868103,619926.0,54351468.2396
Ethereum,ETH,2015-10-01 23:59:59,0.7343069911003113,0.6559060215950012,0.7343069911003113,0.690214991569519,596084.0,50805918.9432
Ethereum,ETH,2015-10-02 23:59:59,0.6911200284957886,0.654604971408844,0.6837319731712341,0.6785740256309509,219318.0,49966501.6492
Ethereum,ETH,2015-10-03 23:59:59,0.7092040181159973,0.6754819750785828,0.6787829995155334,0.6871709823608398,163326.0,50616971.5371
Ethereum,ETH,2015-10-04 23:59:59,0.6931260228157043,0.6607159972190857,0.6863430142402649,0.668379008769989,103497.0,49249082.5282
Ethereum,ETH,2015-10-05 23:59:59,0.6744379997253418,0.6244500279426575,0.6667839884757996,0.6286429762840271,234263.0,46336892.3718
Ethereum,ETH,2015-10-06 23:59:59,0.6539440155029297,0.6062300205230713,0.6222180128097534,0.6506450176239014,262674.0,47974297.647
Ethereum,ETH,2015-10-07 23:59:59,0.6563010215759277,0.6024230122566223,0.6505150198936462,0.609387993812561,218327.0,44947526.8207
Ethereum,ETH,2015-10-08 23:59:59,0.6331380009651184,0.5919709801673889,0.6095010042190552,0.6217160224914551,310266.0,45872836.6492
Ethereum,ETH,2015-10-09 23:59:59,0.692296028137207,0.6321160197257996,0.6550840139389038,0.6506279706954956,386420.0,48022036.4668
Ethereum,ETH,2015-10-10 23:59:59,0.6490219831466675,0.6243739724159241,0.6411870121955872,0.6278570294380188,141555.0,46356710.6017
Ethereum,ETH,2015-10-11 23:59:59,0.6395059823989868,0.6183350086212158,0.6274610161781311,0.6349629759788513,102128.0,46897253.1371
Ethereum,ETH,2015-10-12 23:59:59,0.6577889919281006,0.6260300278663635,0.6345149874687195,0.6260300278663635,109567.0,46253823.0733
Ethereum,ETH,2015-10-13 23:59:59,0.6302400231361389,0.5992140173912048,0.6279429793357849,0.6076549887657166,303044.0,44911717.5497
Ethereum,ETH,2015-10-14 23:59:59,0.6122400164604187,0.4839740097522735,0.6122400164604187,0.5229679942131042,971664.0,38665409.2353
Ethereum,ETH,2015-10-15 23:59:59,0.5727139711380005,0.5147299766540527,0.523277997970581,0.5618780255317688,371022.0,41556025.1831
Ethereum,ETH,2015-10-16 23:59:59,0.5688610076904297,0.5225329995155334,0.5625929832458496,0.5364949703216553,249891.0,39691829.0675
Ethereum,ETH,2015-10-17 23:59:59,0.5634599924087524,0.5269610285758972,0.5341169834136963,0.5471779704093933,313860.0,40496031.2139
Ethereum,ETH,2015-10-18 23:59:59,0.5522339940071106,0.5128610134124756,0.5479130148887634,0.5177339911460876,133690.0,38329701.7663
Ethereum,ETH,2015-10-19 23:59:59,0.5215460062026978,0.4809939861297607,0.5176209807395935,0.4890139997005462,243742.0,36215624.0027
Ethereum,ETH,2015-10-20 23:59:59,0.5018979907035828,0.4316479861736297,0.4896290004253387,0.4348289966583252,383921.0,32213626.1748
Ethereum,ETH,2015-10-21 23:59:59,0.4829879999160766,0.4208970069885254,0.4315890073776245,0.4473290145397186,609085.0,33150825.5038
Ethereum,ETH,2015-10-22 23:59:59,0.6194660067558289,0.4209910035133362,0.4449880123138428,0.5677019953727722,924822.0,42085191.5066
Ethereum,ETH,2015-10-23 23:59:59,0.6117429733276367,0.5042840242385864,0.5663700103759766,0.5396569967269897,878822.0,40020348.1806
Ethereum,ETH,2015-10-24 23:59:59,0.5773959755897522,0.5186880230903625,0.5396810173988342,0.5635899901390076,258356.0,41809763.8084
Ethereum,ETH,2015-10-25 23:59:59,0.6881920099258423,0.5613830089569092,0.5632069706916809,0.616038978099823,635384.0,45716386.9461
Ethereum,ETH,2015-10-26 23:59:59,0.7575169801712036,0.5970979928970337,0.6197429895401001,0.7313169836997986,1089120.0,54289124.0613
Ethereum,ETH,2015-10-27 23:59:59,0.8981720209121704,0.7088900208473206,0.7088900208473206,0.8696410059928894,1846370.0,64580262.8964
Ethereum,ETH,2015-10-28 23:59:59,1.0557899475097656,0.8078569769859314,0.8709380030632019,1.0024800300598145,2373050.0,74469863.8755
Ethereum,ETH,2015-10-29 23:59:59,1.2066600322723389,0.9473739862442015,1.0052499771118164,1.2066600322723389,2279240.0,89668666.9263
Ethereum,ETH,2015-10-30 23:59:59,1.3450499773025513,0.9681599736213684,1.2092000246047974,1.04121994972229,2429200.0,77401817.2165
Ethereum,ETH,2015-10-31 23:59:59,1.056380033493042,0.9001709818840027,1.0465799570083618,0.9166269898414612,673892.0,68163367.7987
Ethereum,ETH,2015-11-01 23:59:59,1.076740026473999,0.8990820050239563,0.9208469986915588,1.0556700229644775,588913.0,78530262.549
Ethereum,ETH,2015-11-02 23:59:59,1.0997899770736694,0.9536470174789428,1.0579700469970703,0.9897890090942384,1145200.0,73654327.4045
Ethereum,ETH,2015-11-03 23:59:59,1.0704400539398191,0.936614990234375,0.9945679903030396,1.0133600234985352,1907690.0,75434113.5622
Ethereum,ETH,2015-11-04 23:59:59,1.0387200117111206,0.7256649732589722,1.0106500387191772,0.8990499973297119,3060340.0,66947929.5186
Ethereum,ETH,2015-11-05 23:59:59,0.991258978843689,0.8603820204734802,0.9006990194320679,0.8956369757652283,1179840.0,66716645.436
Ethereum,ETH,2015-11-06 23:59:59,0.989848017692566,0.8529289960861206,0.9047719836235046,0.92603200674057,913666.0,69004594.5381
Ethereum,ETH,2015-11-07 23:59:59,0.9437869787216188,0.8635389804840088,0.9237319827079772,0.9279739856719972,890187.0,69172170.7158
Ethereum,ETH,2015-11-08 23:59:59,1.0326800346374512,0.9156609773635864,0.9156609773635864,1.0274699926376345,1021460.0,76614487.7911
Ethereum,ETH,2015-11-09 23:59:59,1.1064200401306152,0.9452630281448364,1.0325299501419067,0.9992780089378356,2045290.0,74537425.595
Ethereum,ETH,2015-11-10 23:59:59,1.0530400276184082,0.9209679961204528,1.0012600421905518,0.9343479871749878,854581.0,69717801.3674
Ethereum,ETH,2015-11-11 23:59:59,0.945277988910675,0.7297750115394592,0.9412959814071656,0.791828989982605,1278580.0,59103443.2691
Ethereum,ETH,2015-11-12 23:59:59,0.9139189720153807,0.76350998878479,0.7964550256729126,0.8957110047340393,806156.0,66880152.2126
Ethereum,ETH,2015-11-13 23:59:59,0.9173089861869812,0.8460230231285095,0.907721996307373,0.9040960073471068,543671.0,67529353.6689
Ethereum,ETH,2015-11-14 23:59:59,0.9061130285263062,0.876908004283905,0.905469000339508,0.8888120055198669,372514.0,66410517.6595
Ethereum,ETH,2015-11-15 23:59:59,0.9215160012245178,0.8749570250511169,0.8912169933319092,0.9063680171966552,411848.0,67745801.3686
Ethereum,ETH,2015-11-16 23:59:59,0.9447320103645324,0.8919709920883179,0.9061660170555116,0.928961992263794,620945.0,69458010.7886
Ethereum,ETH,2015-11-17 23:59:59,1.0329500436782837,0.9057940244674684,0.92494797706604,1.0079799890518188,1145440.0,75392161.9576
Ethereum,ETH,2015-11-18 23:59:59,1.0115699768066406,0.9405159950256348,0.9932140111923218,0.9933189749717712,681104.0,74320768.7669
Ethereum,ETH,2015-11-19 23:59:59,1.0079699754714966,0.9374979734420776,0.9887130260467528,0.9555320143699646,443528.0,71517342.4482
Ethereum,ETH,2015-11-20 23:59:59,0.9557350277900696,0.898576021194458,0.9557350277900696,0.9249200224876404,614335.0,69247997.803
Ethereum,ETH,2015-11-21 23:59:59,0.978743016719818,0.9209399819374084,0.9287580251693726,0.976140022277832,455976.0,73107356.6545
Ethereum,ETH,2015-11-22 23:59:59,0.9841319918632508,0.958981990814209,0.979764997959137,0.9680179953575134,372173.0,72523507.316
Ethereum,ETH,2015-11-23 23:59:59,0.969057023525238,0.933870017528534,0.9674929976463318,0.9469689726829528,441875.0,70970606.3825
Ethereum,ETH,2015-11-24 23:59:59,0.9480550289154052,0.8959310054779053,0.9464420080184937,0.9001910090446472,524195.0,67487355.7273
Ethereum,ETH,2015-11-25 23:59:59,0.8994929790496826,0.8511059880256653,0.8938270211219788,0.8635370135307312,622991.0,64760707.3206
Ethereum,ETH,2015-11-26 23:59:59,0.903643012046814,0.8043599724769592,0.863273024559021,0.8841829895973206,947473.0,66330891.8546
Ethereum,ETH,2015-11-27 23:59:59,0.9000509977340698,0.8606950044631958,0.882099986076355,0.867950975894928,403813.0,65135634.9343
Ethereum,ETH,2015-11-28 23:59:59,0.9292929768562316,0.8621219992637634,0.8681020140647888,0.9157029986381532,462464.0,68742122.2709
Ethereum,ETH,2015-11-29 23:59:59,0.914152979850769,0.8605329990386963,0.914143979549408,0.8786140084266663,448358.0,65980041.5442
Ethereum,ETH,2015-11-30 23:59:59,0.8950539827346802,0.8476960062980652,0.879951000213623,0.8731189966201782,784439.0,65589555.3727
Ethereum,ETH,2015-12-01 23:59:59,0.8867359757423401,0.8539369702339172,0.8783159852027893,0.8748000264167786,652857.0,65738066.7829
Ethereum,ETH,2015-12-02 23:59:59,0.878017008304596,0.8189240097999573,0.8731709718704224,0.8212100267410278,506307.0,61730774.9273
Ethereum,ETH,2015-12-03 23:59:59,0.837664008140564,0.7850859761238098,0.8185459971427917,0.8121430277824402,539969.0,61070307.4444
Ethereum,ETH,2015-12-04 23:59:59,0.8595749735832214,0.8023729920387268,0.8120819926261902,0.8400409817695618,241278.0,63189182.3029
Ethereum,ETH,2015-12-05 23:59:59,0.8728209733963013,0.8244439959526062,0.8411949872970581,0.8624380230903625,232743.0,64895497.4562
Ethereum,ETH,2015-12-06 23:59:59,0.8824359774589539,0.8331149816513062,0.8664169907569885,0.8355000019073486,443608.0,62889050.4198
Ethereum,ETH,2015-12-07 23:59:59,0.8507909774780273,0.7876499891281128,0.836322009563446,0.8112639784812927,520409.0,61084950.7745
Ethereum,ETH,2015-12-08 23:59:59,0.8236449956893921,0.7823280096054077,0.8060240149497986,0.8221179842948914,445903.0,61922409.1097
Ethereum,ETH,2015-12-09 23:59:59,0.8244540095329285,0.7704880237579346,0.8244540095329285,0.7921670079231262,624221.0,59687098.3995
Ethereum,ETH,2015-12-10 23:59:59,0.8615900278091431,0.7872909903526306,0.7955899834632874,0.840395987033844,369589.0,63342630.2743
Ethereum,ETH,2015-12-11 23:59:59,0.9297620058059692,0.8197889924049377,0.8399950265884399,0.9297620058059692,801072.0,70101842.4308
Ethereum,ETH,2015-12-12 23:59:59,1.0453699827194214,0.9285460114479064,0.9311959743499756,0.976972997188568,1376280.0,73686283.9156
Ethereum,ETH,2015-12-13 23:59:59,0.9893940091133118,0.9374380111694336,0.9715380072593688,0.9528840184211732,273614.0,71894531.31
Ethereum,ETH,2015-12-14 23:59:59,1.013100028038025,0.9501780271530152,0.9566199779510498,0.9930220246315002,563436.0,74947759.9932
Ethereum,ETH,2015-12-15 23:59:59,1.028839945793152,0.9822400212287904,0.9905890226364136,1.0141500234603882,578618.0,76568082.1105
Ethereum,ETH,2015-12-16 23:59:59,1.018030047416687,0.974927008152008,1.017109990119934,0.991182029247284,320767.0,74858728.6464
Ethereum,ETH,2015-12-17 23:59:59,0.9976109862327576,0.9118070006370544,0.9930430054664612,0.9407010078430176,640765.0,71069937.5023
Ethereum,ETH,2015-12-18 23:59:59,0.9394930005073548,0.9080809950828552,0.9383270144462584,0.920126974582672,300787.0,69538662.8935
Ethereum,ETH,2015-12-19 23:59:59,0.9258739948272704,0.888916015625,0.9215239882469176,0.908071994781494,343535.0,68650438.889
Ethereum,ETH,2015-12-20 23:59:59,0.9431849718093872,0.8994410037994385,0.908240020275116,0.903885006904602,472164.0,68356312.6153
Ethereum,ETH,2015-12-21 23:59:59,0.917389988899231,0.891182005405426,0.9060649871826172,0.9007710218429564,549113.0,68143245.5305
Ethereum,ETH,2015-12-22 23:59:59,0.909525990486145,0.8620589971542358,0.8949729800224304,0.8642020225524902,454249.0,65398931.8457
Ethereum,ETH,2015-12-23 23:59:59,0.8829399943351746,0.8560649752616882,0.8617820143699646,0.8580769896507263,334993.0,64957356.0518
Ethereum,ETH,2015-12-24 23:59:59,0.8828179836273193,0.847599983215332,0.8594329953193665,0.8632619976997375,354646.0,65371538.3467
Ethereum,ETH,2015-12-25 23:59:59,0.8825560212135315,0.8619930148124695,0.8619930148124695,0.8703629970550537,187114.0,65931377.2101
Ethereum,ETH,2015-12-26 23:59:59,0.8974530100822449,0.8383139967918396,0.8707659840583801,0.8546029925346375,425282.0,64758910.1167
Ethereum,ETH,2015-12-27 23:59:59,0.8615379929542542,0.8411509990692139,0.8531659841537476,0.8563650250434875,164565.0,64913918.9664
Ethereum,ETH,2015-12-28 23:59:59,0.8723940253257751,0.8329319953918457,0.8563560247421265,0.8450049757957458,235134.0,64074279.0576
Ethereum,ETH,2015-12-29 23:59:59,0.873054027557373,0.8332319855690002,0.8438349962234497,0.873054027557373,215742.0,66222901.1746
Ethereum,ETH,2015-12-30 23:59:59,0.9410989880561828,0.8666470050811768,0.8742579817771912,0.9119579792022704,604078.0,69196765.2956
Ethereum,ETH,2015-12-31 23:59:59,0.975413978099823,0.9102770090103148,0.912097990512848,0.933542013168335,663994.0,70858022.7546
Ethereum,ETH,2016-01-01 23:59:59,0.9548220038414,0.9314420223236084,0.9337120056152344,0.9480239748954772,206062.0,71980386.4556
Ethereum,ETH,2016-01-02 23:59:59,0.9696369767189026,0.9365599751472472,0.9474009871482848,0.9371240139007568,255504.0,71176658.0546
Ethereum,ETH,2016-01-03 23:59:59,0.9913619756698608,0.9343129992485046,0.9384300112724304,0.971904993057251,407632.0,73843291.6659
Ethereum,ETH,2016-01-04 23:59:59,0.9764379858970642,0.9298350214958192,0.9720450043678284,0.954479992389679,346245.0,72543706.6191
Ethereum,ETH,2016-01-05 23:59:59,0.9705970287322998,0.9465429782867432,0.953146994113922,0.9501760005950928,219833.0,72240974.3365
Ethereum,ETH,2016-01-06 23:59:59,0.9606590270996094,0.935707986354828,0.9500280022621156,0.9508600234985352,308791.0,72317149.0648
Ethereum,ETH,2016-01-07 23:59:59,0.9746230244636536,0.9358299970626832,0.955801010131836,0.9420049786567688,647462.0,71667152.1174
Ethereum,ETH,2016-01-08 23:59:59,0.991824984550476,0.9397150278091432,0.9427520036697388,0.9867889881134032,545600.0,75099809.2333
Ethereum,ETH,2016-01-09 23:59:59,0.9923449754714966,0.9735999703407288,0.985500991344452,0.9868329763412476,226281.0,75128312.2368
Ethereum,ETH,2016-01-10 23:59:59,1.0010299682617188,0.9750990271568298,0.9855570197105408,0.999230980873108,390888.0,76097646.3736
Ethereum,ETH,2016-01-11 23:59:59,1.0699100494384766,0.9992160201072692,0.9992160201072692,1.0615999698638916,1011920.0,80874514.4822
Ethereum,ETH,2016-01-12 23:59:59,1.282829999923706,1.050089955329895,1.066100001335144,1.1410000324249268,2898760.0,86951445.9199
Ethereum,ETH,2016-01-13 23:59:59,1.1521799564361572,1.0770299434661863,1.1354700326919556,1.1252000331878662,1005910.0,85775571.842
Ethereum,ETH,2016-01-14 23:59:59,1.1895899772644043,1.1031899452209473,1.122099995613098,1.1895899772644043,751961.0,90714398.6816
Ethereum,ETH,2016-01-15 23:59:59,1.3193800449371338,1.142930030822754,1.184440016746521,1.208009958267212,3910550.0,92149709.3458
Ethereum,ETH,2016-01-16 23:59:59,1.3081599473953247,1.1680099964141846,1.220460057258606,1.220289945602417,2462630.0,93117298.0889
Ethereum,ETH,2016-01-17 23:59:59,1.328830003738403,1.2077699899673462,1.2214699983596802,1.3274699449539185,1171150.0,101329330.108
Ethereum,ETH,2016-01-18 23:59:59,1.5428999662399292,1.322219967842102,1.3323099613189695,1.4263399839401243,4278930.0,108912541.749
Ethereum,ETH,2016-01-19 23:59:59,1.4646899700164795,1.3050099611282349,1.42261004447937,1.3713899850845337,2446740.0,104750745.916
Ethereum,ETH,2016-01-20 23:59:59,1.6192400455474854,1.353710055351257,1.3631800413131714,1.5318200588226318,2933220.0,117043471.825
Ethereum,ETH,2016-01-21 23:59:59,1.5854899883270264,1.4866900444030762,1.5326999425888062,1.553570032119751,1614960.0,118743868.997
Ethereum,ETH,2016-01-22 23:59:59,1.5814599990844729,1.465880036354065,1.547029972076416,1.501270055770874,1567240.0,114784064.878
Ethereum,ETH,2016-01-23 23:59:59,2.0301198959350586,1.4960500001907349,1.5041199922561646,1.9726699590682983,7370980.0,150874911.801
Ethereum,ETH,2016-01-24 23:59:59,2.298419952392578,1.9005399942398071,1.9005399942398071,2.141200065612793,9669770.0,163819883.503
Ethereum,ETH,2016-01-25 23:59:59,2.6625800132751465,2.0561399459838867,2.1476399898529053,2.499269962310791,10739300.0,191276219.779
Ethereum,ETH,2016-01-26 23:59:59,2.8369901180267334,1.994770050048828,2.5327401161193848,2.276370048522949,13939200.0,174275655.892
Ethereum,ETH,2016-01-27 23:59:59,2.594939947128296,2.188649892807007,2.2474400997161865,2.388550043106079,6961080.0,182923579.832
Ethereum,ETH,2016-01-28 23:59:59,2.6846699714660645,2.3420300483703613,2.406450033187866,2.5264899730682373,4903850.0,193551355.741
Ethereum,ETH,2016-01-29 23:59:59,2.6067700386047363,2.3039000034332275,2.5429799556732178,2.494960069656372,6662340.0,191198054.823
Ethereum,ETH,2016-01-30 23:59:59,2.6118099689483643,2.3989200592041016,2.5077199935913086,2.4450600147247314,3725080.0,187435391.2
Ethereum,ETH,2016-01-31 23:59:59,2.5309700965881348,2.186350107192993,2.443150043487549,2.306040048599243,5847500.0,176834423.908
Ethereum,ETH,2016-02-01 23:59:59,2.319689989089966,2.116309881210327,2.319689989089966,2.2116899490356445,3994100.0,169654870.547
Ethereum,ETH,2016-02-02 23:59:59,2.44898009300232,2.15720009803772,2.2151899337768555,2.439640045166016,3451270.0,187200921.735
Ethereum,ETH,2016-02-03 23:59:59,2.5401699542999268,2.341619968414306,2.4319300651550293,2.5286900997161865,3987750.0,194099729.616
Ethereum,ETH,2016-02-04 23:59:59,2.629539966583252,2.436460018157959,2.5290300846099854,2.5780398845672607,3552320.0,197953036.73
Ethereum,ETH,2016-02-05 23:59:59,2.60617995262146,2.4709200859069824,2.570349931716919,2.538990020751953,2636700.0,195018591.758
Ethereum,ETH,2016-02-06 23:59:59,2.561150074005127,2.472009897232056,2.533819913864136,2.5344600677490234,1921240.0,194733892.102
Ethereum,ETH,2016-02-07 23:59:59,3.058190107345581,2.5363800525665283,2.536410093307495,2.9643399715423584,7007060.0,227838892.268
Ethereum,ETH,2016-02-08 23:59:59,3.274280071258545,2.8753700256347656,2.9730000495910645,3.1797900199890137,9725690.0,244479014.282
Ethereum,ETH,2016-02-09 23:59:59,4.044640064239502,3.168750047683716,3.174989938735962,4.044640064239502,17954000.0,311075408.079
Ethereum,ETH,2016-02-10 23:59:59,4.861440181732178,3.783099889755249,4.000549793243408,4.436260223388672,28640400.0,341305129.282
Ethereum,ETH,2016-02-11 23:59:59,6.292230129241943,4.3383002281188965,4.496819972991943,6.0131001472473145,26408200.0,462770854.833
Ethereum,ETH,2016-02-12 23:59:59,6.582749843597412,5.0707597732543945,5.946149826049805,5.546979904174805,23360800.0,427037697.198
Ethereum,ETH,2016-02-13 23:59:59,5.719540119171143,4.190000057220459,5.685050010681152,5.38532018661499,24218800.0,414729231.256
Ethereum,ETH,2016-02-14 23:59:59,5.465060234069824,4.445710182189941,5.404329776763916,5.239729881286621,11226500.0,403647764.301
Ethereum,ETH,2016-02-15 23:59:59,5.886990070343018,5.01855993270874,5.330530166625977,5.2883501052856445,13934200.0,407524960.273
Ethereum,ETH,2016-02-16 23:59:59,5.474860191345215,4.033840179443359,5.328320026397705,4.315289974212647,15889100.0,332648533.401
Ethereum,ETH,2016-02-17 23:59:59,4.767069816589356,3.4973700046539307,4.289169788360596,3.757240056991577,15451000.0,289721943.021
Ethereum,ETH,2016-02-18 23:59:59,4.770569801330566,3.420880079269409,3.774699926376343,4.399129867553711,17054000.0,339328346.46
Ethereum,ETH,2016-02-19 23:59:59,4.793220043182373,4.2746901512146,4.384789943695068,4.737889766693115,7666320.0,365577845.264
Ethereum,ETH,2016-02-20 23:59:59,4.754059791564941,4.12706995010376,4.682199954986572,4.341330051422119,8631090.0,335088727.389
Ethereum,ETH,2016-02-21 23:59:59,4.711510181427002,4.227610111236572,4.3605499267578125,4.653619766235352,6413550.0,359310563.072
Ethereum,ETH,2016-02-22 23:59:59,5.645709991455078,4.635250091552734,4.664949893951416,5.616499900817871,15056200.0,433798973.55
Ethereum,ETH,2016-02-23 23:59:59,5.9476399421691895,5.387819766998291,5.684929847717285,5.586209774017334,13380600.0,431598156.705
Ethereum,ETH,2016-02-24 23:59:59,6.2364702224731445,5.509250164031982,5.604050159454346,6.2364702224731445,11426500.0,481995066.499
Ethereum,ETH,2016-02-25 23:59:59,6.647409915924072,5.551239967346191,6.186709880828857,6.104800224304199,21471800.0,471975063.749
Ethereum,ETH,2016-02-26 23:59:59,6.268750190734863,5.739049911499023,6.037829875946045,5.921669960021973,9526860.0,457966534.807
Ethereum,ETH,2016-02-27 23:59:59,6.526919841766357,5.920519828796387,5.963079929351807,6.425859928131104,8903210.0,497119697.839
Ethereum,ETH,2016-02-28 23:59:59,6.619339942932129,6.238369941711426,6.405509948730469,6.468349933624268,9851660.0,500569665.248
Ethereum,ETH,2016-02-29 23:59:59,6.6145100593566895,6.054289817810059,6.4556498527526855,6.336989879608154,7648020.0,490556569.934
Ethereum,ETH,2016-03-01 23:59:59,7.908639907836914,6.308849811553955,6.319310188293457,7.653689861297607,23098100.0,592677992.715
Ethereum,ETH,2016-03-02 23:59:59,8.753459930419922,7.371300220489502,7.633029937744141,8.4653902053833,29130200.0,655748795.66
Ethereum,ETH,2016-03-03 23:59:59,10.097399711608888,8.332030296325684,8.442290306091309,9.294150352478027,40314900.0,720179290.998
Ethereum,ETH,2016-03-04 23:59:59,10.406000137329102,8.479419708251953,9.240559577941896,10.406000137329102,35520100.0,806593727.418
Ethereum,ETH,2016-03-05 23:59:59,12.27400016784668,9.972900390625,10.37030029296875,11.003700256347656,56439600.0,853205226.207
Ethereum,ETH,2016-03-06 23:59:59,11.836000442504885,9.993610382080078,11.20400047302246,11.38290023803711,39112000.0,882886756.081
Ethereum,ETH,2016-03-07 23:59:59,11.651900291442873,9.309490203857422,11.428799629211426,9.552630424499512,34085100.0,741166643.185
Ethereum,ETH,2016-03-08 23:59:59,10.166399955749512,8.815770149230957,9.58213996887207,9.847209930419922,25524300.0,764269545.206
Ethereum,ETH,2016-03-09 23:59:59,12.054699897766112,9.670989990234377,9.792420387268066,11.89799976348877,27540500.0,923733301.053
Ethereum,ETH,2016-03-10 23:59:59,12.239299774169922,10.991100311279297,11.881500244140623,11.30500030517578,26851500.0,877988473.297
Ethereum,ETH,2016-03-11 23:59:59,11.599900245666504,10.393699645996094,11.221599578857422,11.082799911499023,21002700.0,861012042.634
Ethereum,ETH,2016-03-12 23:59:59,13.533300399780272,11.08769989013672,11.13070011138916,13.533300399780272,48957300.0,1051728777.62
Ethereum,ETH,2016-03-13 23:59:59,15.257100105285645,13.467399597167969,13.510199546813965,14.475000381469728,43915100.0,1125287882.35
Ethereum,ETH,2016-03-14 23:59:59,15.012999534606934,11.58209991455078,14.512200355529783,12.45259952545166,58385100.0,968384041.306
Ethereum,ETH,2016-03-15 23:59:59,13.197799682617188,12.046799659729004,13.001700401306152,13.010000228881836,28404500.0,1012119266.35
Ethereum,ETH,2016-03-16 23:59:59,13.73069953918457,12.495400428771973,13.021599769592283,12.520899772644045,24335500.0,974447124.734
Ethereum,ETH,2016-03-17 23:59:59,12.643500328063965,10.44260025024414,12.55869960784912,11.081500053405762,41650600.0,865792702.512
Ethereum,ETH,2016-03-18 23:59:59,11.178799629211426,8.524519920349121,11.109100341796877,10.99810028076172,53956800.0,859618881.218
Ethereum,ETH,2016-03-19 23:59:59,11.203700065612791,9.776630401611328,11.203700065612791,10.530699729919434,26735700.0,823422649.589
Ethereum,ETH,2016-03-20 23:59:59,10.903800010681152,9.57040023803711,10.516300201416016,10.31980037689209,17651100.0,807256576.984
Ethereum,ETH,2016-03-21 23:59:59,12.014900207519531,10.16160011291504,10.30370044708252,11.864100456237791,28572600.0,928428769.976
Ethereum,ETH,2016-03-22 23:59:59,12.02519989013672,11.177000045776367,11.879199981689451,11.274800300598145,19730300.0,883434496.788
Ethereum,ETH,2016-03-23 23:59:59,12.432600021362305,11.237099647521973,11.327899932861328,12.41670036315918,19353200.0,973296474.834
Ethereum,ETH,2016-03-24 23:59:59,12.50160026550293,10.803500175476074,12.44219970703125,11.234999656677246,26081800.0,881027910.325
Ethereum,ETH,2016-03-25 23:59:59,11.372900009155272,10.527199745178224,11.260299682617188,10.743200302124023,13782000.0,842804288.762
Ethereum,ETH,2016-03-26 23:59:59,11.180800437927246,10.589200019836426,10.767900466918944,10.973999977111816,9425480.0,861261382.598
Ethereum,ETH,2016-03-27 23:59:59,11.054200172424316,10.112099647521973,10.98610019683838,10.41919994354248,16744800.0,818048966.556
Ethereum,ETH,2016-03-28 23:59:59,11.861300468444824,10.407500267028809,10.431400299072266,11.665599822998049,23188300.0,916272915.524
Ethereum,ETH,2016-03-29 23:59:59,11.913599967956545,11.34980010986328,11.752699851989746,11.656399726867676,17684200.0,915917612.37
Ethereum,ETH,2016-03-30 23:59:59,12.178500175476074,11.469200134277344,11.605299949645996,11.952899932861328,19351200.0,939593767.134
Ethereum,ETH,2016-03-31 23:59:59,12.011899948120115,11.315699577331545,11.9197998046875,11.403499603271484,14966700.0,896764774.204
Ethereum,ETH,2016-04-01 23:59:59,11.8503999710083,11.40060043334961,11.40060043334961,11.663599967956545,11373100.0,917590806.482
Ethereum,ETH,2016-04-02 23:59:59,11.688799858093262,11.398799896240234,11.630599975585938,11.598899841308594,8682620.0,912861403.635
Ethereum,ETH,2016-04-03 23:59:59,11.70639991760254,11.508700370788574,11.628299713134766,11.618300437927246,5580550.0,914757198.586
Ethereum,ETH,2016-04-04 23:59:59,11.615799903869627,11.016300201416016,11.615799903869627,11.157299995422363,9599070.0,878817014.841
Ethereum,ETH,2016-04-05 23:59:59,11.212499618530272,10.134699821472168,11.212499618530272,10.43809986114502,20557300.0,822498173.198
Ethereum,ETH,2016-04-06 23:59:59,10.970000267028809,10.277299880981444,10.449799537658691,10.685400009155272,16997100.0,842318789.192
Ethereum,ETH,2016-04-07 23:59:59,10.809700012207031,9.953630447387695,10.695199966430664,10.069700241088867,13464500.0,794097553.995
Ethereum,ETH,2016-04-08 23:59:59,10.387499809265137,9.655579566955566,10.077400207519531,9.719590187072754,14660600.0,766797893.055
Ethereum,ETH,2016-04-09 23:59:59,10.088899612426758,9.068140029907228,9.69423007965088,9.150620460510254,16194800.0,722193576.139
Ethereum,ETH,2016-04-10 23:59:59,9.224720001220703,7.455639839172363,9.149849891662598,8.93634033203125,42613400.0,705565729.9
Ethereum,ETH,2016-04-11 23:59:59,8.946640014648438,8.003179550170898,8.942779541015625,8.643790245056152,15138100.0,682735835.128
Ethereum,ETH,2016-04-12 23:59:59,8.639470100402832,7.154160022735596,8.639470100402832,7.442309856414795,23190100.0,588069233.928
Ethereum,ETH,2016-04-13 23:59:59,8.719770431518555,7.069220066070557,7.441359996795654,8.04442024230957,31403300.0,635899506.815
Ethereum,ETH,2016-04-14 23:59:59,8.757040023803711,8.021519660949707,8.075169563293457,8.387240409851074,13590700.0,663262433.599
Ethereum,ETH,2016-04-15 23:59:59,8.61620044708252,8.097330093383789,8.386059761047363,8.242779731750488,12179000.0,652099781.101
Ethereum,ETH,2016-04-16 23:59:59,8.649760246276855,8.114439964294434,8.235879898071289,8.60949993133545,9888460.0,681383665.851
Ethereum,ETH,2016-04-17 23:59:59,9.70199966430664,8.560779571533203,8.623189926147461,9.309100151062012,24619600.0,737045140.416
Ethereum,ETH,2016-04-18 23:59:59,9.50666046142578,8.496870040893555,9.332730293273926,9.03600025177002,21084100.0,715710192.647
Ethereum,ETH,2016-04-19 23:59:59,9.30624008178711,8.595459938049316,9.075329780578612,8.714879989624023,12899100.0,690548723.493
Ethereum,ETH,2016-04-20 23:59:59,8.825389862060547,8.313759803771973,8.688190460205078,8.465789794921875,15634700.0,671081004.198
Ethereum,ETH,2016-04-21 23:59:59,8.721830368041992,7.962220191955566,8.453459739685059,8.10216999053955,13355400.0,642511136.687
Ethereum,ETH,2016-04-22 23:59:59,8.272319793701172,7.668479919433594,8.149920463562012,7.82125997543335,13309300.0,620481616.002
Ethereum,ETH,2016-04-23 23:59:59,8.552929878234863,7.737740039825439,7.791830062866211,8.294790267944336,14565200.0,658310821.765
Ethereum,ETH,2016-04-24 23:59:59,8.473970413208008,7.95980978012085,8.29343032836914,8.001350402832031,10786400.0,635274078.405
Ethereum,ETH,2016-04-25 23:59:59,8.094599723815918,7.236509799957275,8.007769584655762,7.55433988571167,18239900.0,600026226.343
Ethereum,ETH,2016-04-26 23:59:59,7.551819801330566,7.0589799880981445,7.526549816131592,7.397039890289307,17667300.0,587763649.591
Ethereum,ETH,2016-04-27 23:59:59,7.967740058898926,7.319690227508545,7.388390064239502,7.759970188140869,19254500.0,616849025.588
Ethereum,ETH,2016-04-28 23:59:59,7.913070201873779,7.166399955749512,7.740690231323242,7.172530174255371,11576000.0,570380061.149
Ethereum,ETH,2016-04-29 23:59:59,7.730959892272949,7.171889781951904,7.207029819488525,7.457290172576904,8762080.0,593261113.86
Ethereum,ETH,2016-04-30 23:59:59,9.366499900817873,7.453909873962402,7.453909873962402,8.813980102539062,36573300.0,701473016.639
Ethereum,ETH,2016-05-01 23:59:59,9.01177978515625,8.43235969543457,8.775079727172852,8.846500396728516,16713800.0,704335724.696
Ethereum,ETH,2016-05-02 23:59:59,10.321499824523926,8.850720405578613,8.894240379333496,10.163200378417969,41019200.0,809492236.116
Ethereum,ETH,2016-05-03 23:59:59,10.16510009765625,9.279800415039062,10.16510009765625,9.311269760131836,21463900.0,741932869.154
Ethereum,ETH,2016-05-04 23:59:59,10.034099578857422,9.2675199508667,9.382869720458984,9.413769721984863,17622400.0,750396087.199
Ethereum,ETH,2016-05-05 23:59:59,10.04599952697754,9.292119979858398,9.396730422973633,9.82610034942627,18296200.0,783576042.275
Ethereum,ETH,2016-05-06 23:59:59,9.952190399169922,9.037010192871094,9.809610366821287,9.346639633178713,21510600.0,745638475.904
Ethereum,ETH,2016-05-07 23:59:59,9.475790023803713,9.2121000289917,9.31564998626709,9.37051010131836,10806500.0,747838842.426
Ethereum,ETH,2016-05-08 23:59:59,9.59749984741211,8.926859855651855,9.372900009155272,9.482930183410645,15031000.0,757112769.34
Ethereum,ETH,2016-05-09 23:59:59,9.641160011291504,9.203700065612791,9.49403953552246,9.297730445861816,13085300.0,742621898.652
Ethereum,ETH,2016-05-10 23:59:59,9.47902011871338,9.261360168457031,9.282649993896484,9.361519813537598,9321790.0,748013845.869
Ethereum,ETH,2016-05-11 23:59:59,10.011899948120115,9.389260292053224,9.431429862976074,9.9962797164917,15267500.0,799045672.821
Ethereum,ETH,2016-05-12 23:59:59,10.50629997253418,9.856410026550291,9.995109558105469,10.05780029296875,24137700.0,804287196.013
Ethereum,ETH,2016-05-13 23:59:59,11.052800178527832,10.018400192260742,10.062299728393556,10.506600379943848,31276900.0,840514936.018
Ethereum,ETH,2016-05-14 23:59:59,10.614999771118164,9.807920455932615,10.50510025024414,10.239700317382812,18808000.0,819487227.993
Ethereum,ETH,2016-05-15 23:59:59,10.444499969482422,9.926420211791992,10.23859977722168,9.962349891662598,9218400.0,797607882.625
Ethereum,ETH,2016-05-16 23:59:59,11.440299987792969,9.968700408935549,9.968700408935549,11.171299934387209,29079900.0,894750992.03
Ethereum,ETH,2016-05-17 23:59:59,12.487000465393066,11.152600288391112,11.19320011138916,12.198800086975098,37198700.0,977439936.029
Ethereum,ETH,2016-05-18 23:59:59,14.258999824523926,12.17930030822754,12.17930030822754,13.558600425720217,65389900.0,1086834953.88
Ethereum,ETH,2016-05-19 23:59:59,14.87279987335205,13.337599754333496,13.542799949645996,14.769700050354004,53757500.0,1184385765.1
Ethereum,ETH,2016-05-20 23:59:59,15.048199653625488,13.384200096130373,14.85319995880127,13.635600090026855,50544100.0,1093879432.92
Ethereum,ETH,2016-05-21 23:59:59,14.051199913024902,13.119000434875488,13.68970012664795,14.015000343322754,24648400.0,1124761560.11
Ethereum,ETH,2016-05-22 23:59:59,14.346400260925291,13.76580047607422,14.040499687194824,14.286100387573242,17938900.0,1146979483.67
Ethereum,ETH,2016-05-23 23:59:59,14.49240016937256,13.19219970703125,14.279800415039062,13.46150016784668,23842800.0,1081207347.23
Ethereum,ETH,2016-05-24 23:59:59,13.774299621582031,12.014100074768066,13.305399894714355,12.7322998046875,41560600.0,1023046506.41
Ethereum,ETH,2016-05-25 23:59:59,12.89840030670166,11.766599655151367,12.79319953918457,12.526000022888184,27444700.0,1006875563.82
Ethereum,ETH,2016-05-26 23:59:59,12.986599922180176,12.059200286865234,12.51609992980957,12.430399894714355,20764000.0,999589701.576
Ethereum,ETH,2016-05-27 23:59:59,12.389399528503418,10.502699851989746,12.389399528503418,11.29580020904541,57496400.0,908715670.953
Ethereum,ETH,2016-05-28 23:59:59,12.363300323486328,10.37339973449707,11.333200454711914,11.892900466918944,47274800.0,957134590.162
Ethereum,ETH,2016-05-29 23:59:59,12.690799713134766,11.776800155639648,12.112199783325195,12.3503999710083,28598400.0,994349366.986
Ethereum,ETH,2016-05-30 23:59:59,12.880599975585938,12.26580047607422,12.325300216674805,12.725299835205078,14733800.0,1024940354.04
Ethereum,ETH,2016-05-31 23:59:59,14.26729965209961,12.642200469970703,12.743499755859377,14.077300071716309,42433400.0,1134278934.03
Ethereum,ETH,2016-06-01 23:59:59,14.315500259399414,13.438899993896484,14.109800338745115,14.001500129699709,22471300.0,1128621280.24
