Coin Name,Price,1h,24h,7d,30d,24h Volume,Circulating Supply,Total Supply,Market Cap,Price_to_MarketCap_Ratio,Volatility_Index
0x Protocol,0.39,-0.5,-1.6,-27.4,80.1,55447475.0,92825000.0,1.2,36529946.0,1.06761723655436e-08,-1.05
0x0.ai: AI Smart Contract,0.12,0.2,7.0,6.3,34.8,1458348.0,891250000.0,891000000.0,108787347.0,1.1030694589877258e-09,3.6
1inch,0.34,0.5,-1.5,-6.0,28.2,30902018.0,1040979121.0,1.5,356400022.0,9.539842284297054e-10,-0.5
A Hunters Dream,0.615,0.4,0.5,-15.9,21.5,1671632.0,636666666666667.0,667000000000000.0,42293355.0,1.4541291415637278e-08,0.45
AIOZ Network,0.06,5.5,1.1,163.3,390.1,5746712.0,991544442.0,120000000.0,56902742.0,1.0544307337597193e-09,3.3
ALEX Lab,0.615,-0.6,4.9,14.6,23.5,1149342.0,638100028.0,638000000.0,40978452.0,1.5007887560027888e-08,2.1500000000000004
APENFT,0.615,-0.3,-0.4,-2.7,21.5,6821827.0,990105682877398.0,1000000000000000.0,305485532.0,2.013188631139494e-09,-0.35
API3,1.33,0.3,-4.8,-3.5,22.8,9551711.0,97192405.0,126000000.0,129133174.0,1.0299444819655715e-08,-2.25
ARK,1.55,-0.6,-3.0,-5.1,252.0,5746712.0,354412760.0,120000000.0,274980204.0,5.636769401771191e-09,-1.8
ARPA,0.05,0.3,-1.6,-4.5,12.8,33193811.0,982174603.0,2000000000.0,47316066.0,1.0567235238872141e-09,-0.65
Aave,92.53,-0.6,4.3,-3.5,21.5,169071815.0,14640360.0,120000000.0,1353296683.0,6.83737728484479e-08,1.8499999999999999
Aavegotchi,0.79,0.2,-2.8,-3.5,-0.5,1970244.0,51157239.0,120000000.0,40156513.0,1.967302290415505e-08,-1.2999999999999998
Acala,0.06,-1.2,-5.9,-3.5,23.4,14792690.0,828566666.0,1.03,49055159.0,1.2231129451644424e-09,-3.5500000000000003
Access Protocol,0.615,0.2,-3.4,-4.8,-3.0,5746712.0,30558805084.0,86.9,64869956.0,9.480505890893466e-09,-1.5999999999999999
Adventure Gold,0.83,0.7,3.3,-3.5,1.9,39560499.0,77280001.0,77.3,64496633.0,1.2868888830212268e-08,2.0
Aergo,0.16,0.2,-3.7,-18.1,21.5,7521953.0,445000000.0,500000000.0,70063675.0,2.2836369916365365e-09,-1.75
Agoric,0.13,-0.1,-3.1,-10.5,39.2,252239.0,649159296.0,1.06,87192654.0,1.4909512904607767e-09,-1.6
AhaToken,0.01,-0.2,-3.9,-8.3,8.6,5746712.0,4424036536.0,7.77,98370357.0,1.0165664032305992e-10,-2.05
AirTor Protocol,0.73,5.1,18.2,-63.9,21.5,16339635.0,73271612.0,100000000.0,52987478.0,1.3776839879037081e-08,11.649999999999999
Akash Network,1.66,-0.6,-1.6,71.2,90.5,8343178.0,221870453.0,222000000.0,98370357.0,1.6875002293627946e-08,-1.1
Alchemix USD,0.99,0.2,0.4,0.4,0.2,2494799.0,167672845.0,120000000.0,166904250.0,5.931544583196653e-09,0.30000000000000004
Alchemy Pay,0.02,0.2,-4.0,-6.6,35.9,17714784.0,4943691067.0,10000000000.0,92350829.0,2.1656546255800259e-10,-1.9
Aleph Zero,1.41,0.2,3.3,1.1,87.0,3996914.0,248759366.0,347000000.0,98370357.0,1.4333586285551448e-08,1.75
Algorand,0.13,0.3,-1.6,-6.8,36.7,68159573.0,8006088059.0,8.01,1031403193.0,1.2604188243966392e-10,-0.65
Alien Worlds,0.01,-0.1,-5.2,-10.1,18.6,6557990.0,3758747731.0,6.19,45749721.0,2.1858056795581333e-10,-2.65
AllianceBlock Nexera,0.12,-1.1,13.2,17.6,66.0,2153613.0,791259050.0,850000000.0,93099291.0,1.2889464432119037e-09,6.05
Alpha Quark,1.49,1.5,-2.1,-3.5,28.9,3799643.0,26640785.0,30000000.0,39399290.0,3.7817940374052425e-08,-0.30000000000000004
Altura,0.06,-1.2,-6.0,-17.1,72.2,1109784.0,719755021.0,120000000.0,39595361.0,1.5153290305902248e-09,-3.6
Amp,0.615,0.2,1.9,21.6,67.5,13964879.0,56127938240.0,99.4,138359592.0,4.44493938663826e-09,1.05
Ampleforth,1.29,0.1,-7.1,-6.6,3.5,1203482.0,44545300.0,54.2,57440989.0,2.245783059201853e-08,-3.5
Ankr Network,0.02,-0.7,-5.4,-7.4,12.5,24203867.0,10000000000.0,10000000000.0,239631758.0,8.346139162406012e-11,-3.0500000000000003
Ankr Staked ETH,2301.48,0.6,2.3,0.8,22.2,178602.0,354412760.0,22.4,51381522.0,4.479197794101934e-05,1.45
ApeCoin,1.41,0.2,-1.6,-1.5,27.1,94043016.0,368593750.0,1000000000.0,98370357.0,1.4333586285551448e-08,-0.7000000000000001
Aptos,7.16,0.3,-1.0,-6.0,20.8,137618187.0,276002428.0,1.07,1975596895.0,3.6242211243199997e-09,-0.35
Aragon,0.615,0.8,1.7,0.3,4.7,16135948.0,40039312.0,43.2,206956294.0,2.971641925516892e-09,1.25
Arbitrum,1.0,0.2,-1.6,-10.8,19.0,330572699.0,1275000000.0,10000000000.0,1274970582.0,7.843318223321956e-10,-0.7000000000000001
Arc,0.06,0.2,11.2,24.8,138.5,1288263.0,835796619.0,995000000.0,46102804.0,1.3014392790512264e-09,5.699999999999999
Ardor,0.615,0.4,-0.9,-7.2,21.1,10601782.0,998466231.0,998000000.0,101455960.0,6.0617434402079485e-09,-0.25
Arkham,0.4,0.2,-2.8,-26.7,22.4,18489905.0,170500000.0,1000000000.0,68394588.0,5.848415959461588e-09,-1.2999999999999998
Artificial Liquid Intelligence,0.02,0.2,-1.4,4.9,22.9,5746712.0,3588163660.0,10000000000.0,60970103.0,3.2802962461782295e-10,-0.6
Arweave,7.75,1.1,-0.5,3.9,85.4,21507079.0,65454186.0,65.5,507054552.0,1.5284351495181922e-08,0.30000000000000004
AscendEx,0.05,0.2,-1.9,1.0,-3.5,1547979.0,742983478.0,743000000.0,38901169.0,1.2853084183665536e-09,-0.85
Astar,0.06,1.3,-0.4,-6.6,49.1,18127493.0,5364861787.0,8.27,340646665.0,1.7613558612117924e-10,0.45
Astrafer,0.49,0.1,-2.2,-11.0,40.9,5746712.0,156553961.0,888000000.0,77559528.0,6.317727977921681e-09,-1.05
Audius,0.615,0.4,-3.7,-11.0,20.1,12393576.0,1167950954.0,1.2,206827020.0,2.9734993039110653e-09,-1.6500000000000001
Aura BAL,9.89,0.2,-1.6,-3.5,10.4,5746712.0,3529856.0,3.53,34922035.0,2.8320228188305753e-07,-0.7000000000000001
Aura Finance,1.0,0.2,-1.6,-3.5,22.4,137381.0,39248833.0,67000000.0,39209542.0,2.5503995940579974e-08,-0.7000000000000001
Aurora,0.1,0.7,-1.7,4.5,101.8,916759.0,383630786.0,1000000000.0,38062455.0,2.627260905792861e-09,-0.5
Aurory,1.12,4.6,7.0,38.4,21.5,1565596.0,45967818.0,100000000.0,50832825.0,2.2033007215318057e-08,5.8
Automata,0.08,0.0,-4.9,-11.0,9.4,1726168.0,434909086.0,120000000.0,36766949.0,2.1758672442470004e-09,-2.45
Autonolas,2.44,3.1,29.6,93.7,143.5,3806476.0,47055302.0,536000000.0,114018453.0,2.1400044780470753e-08,16.35
Avalanche,20.08,0.5,-6.5,2.9,100.9,5746712.0,355636845.0,433000000.0,7141343014.0,2.8117960390132297e-09,-3.0
Axelar,0.64,0.5,-0.4,46.4,102.4,19049590.0,478717140.0,1.12,98370357.0,6.506024980675835e-09,0.04999999999999999
Axie Infinity,5.73,0.6,-3.8,-9.2,28.5,75366667.0,354412760.0,270000000.0,759117194.0,7.548241622360092e-09,-1.5999999999999999
Axion,0.615,0.2,-0.6,-12.2,50.0,218.0,0.0,120000000.0,23677349.0,2.5974191620860932e-08,-0.19999999999999998
BENQI Liquid Staked AVAX,22.23,-0.1,-6.5,2.9,101.3,736484.0,354412760.0,120000000.0,150858008.0,1.4735710947475854e-07,-3.3
BNB,231.63,-0.1,-12.6,-8.0,5.4,3715265116.0,153856150.0,154000000.0,35716332862.0,6.485268263541137e-09,-6.35
BORA,0.13,0.1,-5.0,-9.8,10.4,5746712.0,993750000.0,1.21,132252254.0,9.829700142577532e-10,-2.45
BTSE Token,0.88,0.2,-12.2,-12.2,-15.8,13646.0,162061501.0,200000000.0,142359295.0,6.181542273021231e-09,-6.0
Baby Doge Coin,0.615,-2.2,-5.6,-10.7,-1.7,1870288.0,1.46330991639139e+17,4.2e+17,98370357.0,6.251883379868185e-09,-3.9
Badger,3.41,0.6,-5.4,-7.7,51.4,15598609.0,19930670.0,120000000.0,67965872.0,5.0172239385084327e-08,-2.4000000000000004
BakerySwap,0.13,0.2,-8.6,-13.7,4.7,14598127.0,288705145.0,120000000.0,38773132.0,3.35283721727716e-09,-4.2
Balancer,3.57,0.3,-0.8,-9.6,21.5,11478573.0,44273080.0,60.2,158577400.0,2.2512665739254143e-08,-0.25
Bancor Network,0.74,-0.3,-1.9,-9.9,33.5,1429388.0,135600762.0,136000000.0,99761631.0,7.417681453102947e-09,-1.0999999999999999
Band Protocol,1.37,0.3,-5.9,-3.5,3.1,12628249.0,136197694.0,141000000.0,186989684.0,7.326607386533688e-09,-2.8000000000000003
BarnBridge,3.61,0.0,-6.0,-16.0,-4.7,7281910.0,9526214.0,120000000.0,34355398.0,1.0507810155481244e-07,-3.0
Basic Attention,0.2,0.7,-4.7,-11.3,4.0,46516507.0,1490413701.0,1.5,300902174.0,6.646678465008366e-10,-2.0
Bazaars,4.52,-0.1,-1.6,-2.6,-3.7,1560464.0,11672344.0,556000000.0,52800716.0,8.56048997517382e-08,-0.8500000000000001
Beam,0.01,-0.4,1.1,15.3,21.5,19701799.0,44457670333.0,62.8,377630264.0,2.6480928445925615e-11,0.35000000000000003
Bean,0.97,0.4,-1.8,2.8,-2.3,12296.0,36901601.0,36.9,35718669.0,2.715666700794478e-08,-0.7
Beldex,0.05,-0.6,-3.5,4.9,57.4,2697484.0,5911883992.0,9.92,285353693.0,1.752211421353499e-10,-2.05
Bella Protocol,0.57,0.2,-7.2,-12.5,2.5,5746712.0,59500000.0,100000000.0,33687291.0,1.692032760960209e-08,-3.5
Beta Finance,0.06,-0.2,-7.8,-10.3,21.5,3533790.0,354412760.0,1000000000.0,47983996.0,1.2504169098380217e-09,-4.0
Bficoin,23.2,0.6,12.4,-3.5,49.3,607498.0,354412760.0,21000000.0,43841140.0,5.291833195943354e-07,6.5
BiLira,0.03,-0.3,0.3,0.1,-2.8,33568.0,354412760.0,1.75,60000269.0,4.999977583433834e-10,0.0
Biconomy,0.25,0.6,-6.2,-14.5,18.7,7631716.0,701391763.0,1000000000.0,175352140.0,1.4257025890873074e-09,-2.8000000000000003
Bifrost,0.05,0.2,-1.8,3.5,-22.2,1636487.0,1384675071.0,2.37,65435353.0,7.641129405995564e-10,-0.8
BitTorrent,0.615,0.6,-3.4,-3.5,17.9,31884699.0,951421714286000.0,990000000000000.0,432507003.0,1.4219422939609604e-09,-1.4
Bitcoin,36456.94,0.4,-1.7,1.0,18.4,22801222945.0,19549806.0,120000000.0,712726163003.0,5.1151398520846145e-08,-0.6499999999999999
Bitcoin Avalanche Bridged (BTC.b),36283.16,0.2,-3.4,0.6,21.5,14795734.0,3733.0,3.73,98370357.0,0.00036884241459040354,-1.5999999999999999
Bitcoin Cash,219.26,0.0,-1.6,-5.7,-10.0,197348486.0,19565919.0,21000000.0,4285700162.0,5.116083526890465e-08,-0.8
Bitcoin Gold,15.76,-0.3,-2.8,-3.9,8.8,3412873.0,354412760.0,21000000.0,275864225.0,5.712955349683345e-08,-1.5499999999999998
Bitcoin SV,45.56,0.0,-4.2,-5.5,-9.9,38623645.0,19558969.0,21000000.0,98370357.0,4.6314765331186104e-07,-2.1
Bitgert,0.615,0.2,0.2,-7.4,8.0,1867120.0,395688215721653.0,427000000000000.0,60432468.0,1.0176648751131593e-08,0.2
Bitget Token,0.615,-0.1,-0.5,2.2,26.2,18555030.0,1400001000.0,2000000000.0,751366014.0,8.185092066195052e-10,-0.3
Bitkub Coin,1.29,0.2,-2.7,-3.5,21.5,390558.0,88850000.0,110000000.0,115002897.0,1.1217108730747887e-08,-1.25
Bittensor,244.18,-1.1,4.5,60.8,381.9,17665641.0,5653953.0,120000000.0,1393270902.0,1.7525665658378905e-07,1.7
Blox,0.17,4.2,5.0,8.4,8.0,148769.0,674579184.0,120000000.0,112785090.0,1.507291433646061e-09,4.6
Blur,0.51,0.2,36.4,43.2,175.4,296654526.0,1097706662.0,120000000.0,557830938.0,9.142554943770437e-10,18.3
Bluzelle,0.26,2.4,6.8,8.9,35.0,13616580.0,426454177.0,500000000.0,109272044.0,2.37938259853545e-09,4.6
Boba Network,0.615,0.4,-0.3,1.0,37.3,2930950.0,353636519.0,500000000.0,51002331.0,1.205827239543228e-08,0.05000000000000002
Bone ShibaSwap,0.62,0.2,-1.4,-6.3,-17.2,7526463.0,249917970.0,250000000.0,155107348.0,3.997231646304726e-09,-0.6
Bonk,0.615,0.2,16.4,62.8,1320.0,85916890.0,42974933572261.0,120000000.0,98370357.0,6.251883379868185e-09,8.299999999999999
Bounce,8.67,-0.3,-8.2,8.0,37.4,7555897.0,6500020.0,7.64,56220973.0,1.542129126794017e-07,-4.25
CANTO,0.29,0.2,6.4,17.3,1.6,10691840.0,551216876.0,1000000000.0,160927730.0,1.8020511443242253e-09,3.3000000000000003
CEEK Smart VR,0.615,0.8,-2.0,-14.7,7.9,6532388.0,830725361.0,1000000000.0,37030451.0,1.660795327607541e-08,-0.6
COMBO,0.615,0.2,-6.5,-18.1,2.8,3656446.0,71051748.0,100000000.0,39805634.0,1.5450074228185888e-08,-3.15
COTI,0.05,0.2,-6.1,-12.0,17.9,5576433.0,1262013246.0,2000000000.0,57352228.0,8.718057125871379e-10,-2.9499999999999997
Cardano,0.37,0.1,-1.6,0.7,21.5,5746712.0,34964744027.0,45000000000.0,12903956719.0,2.867337577591266e-11,-0.75
Carry,0.01,-0.3,-2.7,-5.5,10.2,2991836.0,10000000000.0,10000000000.0,56436293.0,1.7719094342358737e-10,-1.5
Cartesi,0.615,0.2,-3.1,-11.7,21.5,10119850.0,354412760.0,120000000.0,106937602.0,5.751017308205583e-09,-1.45
Casper Network,0.03,-0.3,-4.1,-7.4,21.5,6869496.0,11476826594.0,120000000.0,370704819.0,8.092692207489215e-11,-2.1999999999999997
Celer Network,0.01,0.7,-4.9,-9.0,9.4,7695744.0,5645454936.0,10000000000.0,77268678.0,1.294185465422354e-10,-2.1
Celestia,5.67,-1.3,3.0,-9.9,21.5,277779060.0,141043528.0,1000000000.0,800895863.0,7.07957209163409e-09,0.85
Celo,0.5,0.5,-2.9,-9.0,13.6,17258060.0,518357311.0,1000000000.0,259996224.0,1.9231048524766267e-09,-1.2
Celo Dollar,0.99,0.2,-2.2,-0.4,-0.4,207538.0,37118395.0,37.1,37029742.0,2.673526593839082e-08,-1.0
Celsius Network,0.23,0.4,-4.1,-7.7,48.1,1207799.0,423415980.0,693000000.0,96013524.0,2.3954958678529496e-09,-1.8499999999999999
Centrifuge,0.5,-1.0,2.9,-6.8,54.5,1202470.0,360263043.0,447000000.0,181160270.0,2.759987054556719e-09,0.95
ChainX,0.15,1.8,-2.8,-12.2,21.5,407526.0,0.0,21000000.0,58095511.0,2.5819550842749278e-09,-0.4999999999999999
Chainge Finance,0.1,0.3,5.0,-3.5,49.4,713782.0,354412760.0,717000000.0,47759913.0,2.0938061591527608e-09,2.65
Chainlink,14.26,0.3,-0.4,-3.5,40.0,926388873.0,556849971.0,1000000000.0,7941773511.0,1.7955687077009618e-09,-0.05000000000000002
Cheelee,10.54,0.1,0.5,4.1,13.6,4901555.0,53838100.0,1000000000.0,566375017.0,1.8609577900926375e-08,0.3
Chia,26.23,0.0,0.8,-3.5,13.3,18151230.0,354412760.0,30.1,238989456.0,1.0975379600010471e-07,0.4
Chiliz,0.07,0.4,-3.8,-9.6,11.9,89888764.0,6975647158.0,120000000.0,492800669.0,1.42045261712094e-10,-1.7
Chromia,0.12,0.6,-6.2,0.9,27.5,17046202.0,582296409.0,582000000.0,70696630.0,1.6973934966914264e-09,-2.8000000000000003
Civic,0.11,-0.3,-5.5,-3.5,25.8,9925124.0,802000010.0,1000000000.0,89714168.0,1.2261162584710143e-09,-2.9
Clash of Lilliput,0.44,0.5,-1.3,1.0,-5.2,56776.0,82074400.0,1000000000.0,35907197.0,1.2253810844661587e-08,-0.4
CoW Protocol,0.27,0.6,4.4,34.4,334.4,318362.0,354412760.0,1000000000.0,45798935.0,5.895333592364103e-09,2.5
Cobak,0.91,0.8,-5.4,-2.0,34.2,5746712.0,79696169.0,120000000.0,72249093.0,1.2595313826292601e-08,-2.3000000000000003
Coin98,0.18,-0.2,-0.3,-0.4,21.5,20355459.0,631666653.0,1000000000.0,98370357.0,1.8298195258150786e-09,-0.25
CoinEx,0.03,0.0,-0.9,-0.8,21.5,64532.0,2951121489.0,201000000.0,89017030.0,3.370141645929998e-10,-0.45
Coinbase Wrapped Staked ETH,2135.1,0.2,1.3,0.9,21.0,3974549.0,195572.0,1.33,417495503.0,5.1140670609810135e-06,0.75
Coinweb,0.615,-0.2,-3.6,-4.9,2.5,5746712.0,3916335074.0,7.63,50448935.0,1.2190544755801088e-08,-1.9000000000000001
Compound,49.82,0.8,-1.0,-13.9,12.4,76160559.0,354412760.0,10000000.0,341293871.0,1.4597390762988535e-07,-0.09999999999999998
Concordium,0.01,-0.8,-2.0,-3.1,-0.4,204218.0,7796200036.0,12.6,40238660.0,2.48517221994967e-10,-1.4
Conflux,0.15,0.1,-3.3,-9.6,21.5,38357640.0,3457624900.0,5.44,511998453.0,2.929696352031751e-10,-1.5999999999999999
Constellation,0.04,0.6,1.6,-3.5,29.9,663967.0,2934015746.0,3.55,111586505.0,3.58466285864944e-10,1.1
ConstitutionDAO,0.01,1.1,-3.6,-10.9,0.8,13410028.0,5067216754.0,120000000.0,58824132.0,1.6999825853783955e-10,-1.25
Convex Finance,3.53,0.3,-2.3,-6.1,32.3,7360740.0,81990704.0,99.2,98370357.0,3.588479403404015e-08,-0.9999999999999999
Core,0.49,-0.7,-0.2,-3.0,27.8,24028543.0,175369212.0,2.1,86575679.0,5.659788125947011e-09,-0.44999999999999996
CorgiAI,0.615,-1.2,-0.6,-6.6,1278.0,1336519.0,354412760.0,373000000000.0,271721792.0,2.2633444136861866e-09,-0.8999999999999999
Cortex,0.24,2.8,-1.6,60.6,97.7,40656409.0,354412760.0,300000000.0,51356701.0,4.673197369122288e-09,0.5999999999999999
Cosmos Hub,8.62,0.5,-2.7,-3.5,28.7,210105658.0,292586164.0,120000000.0,2520997917.0,3.4192808894732616e-09,-1.1
Creditcoin,0.19,-0.5,-2.1,-3.5,40.0,26057123.0,300712767.0,600000000.0,56065281.0,3.3889065855212607e-09,-1.3
Cronos,0.615,-1.6,1.0,-3.5,67.7,28257797.0,26385699323.0,30000000000.0,2425344883.0,2.535721844388924e-10,-0.30000000000000004
Curve DAO,0.55,1.0,-2.0,-6.2,21.2,89138351.0,919601447.0,2.04,505666551.0,1.0876732876879572e-09,-0.5
DAO Maker,0.88,-0.7,-2.0,6.1,63.7,5746712.0,354412760.0,120000000.0,182156175.0,4.831019316254307e-09,-1.35
DFI.money,966.18,-0.1,-2.2,-1.0,21.5,9061413.0,39732.0,40000.0,38371658.0,2.5179521823112255e-05,-1.1500000000000001
DFUK,2.92,0.2,-1.6,-3.5,21.5,5746712.0,354412760.0,21000000.0,61247664.0,4.767528766484874e-08,-0.7000000000000001
DODO,0.11,0.3,-5.0,-8.6,12.9,11647109.0,614617713.0,996000000.0,68815272.0,1.5984823833872226e-09,-2.35
DOLA,1.03,1.3,2.8,3.0,3.2,150731.0,35393969.0,47.2,36226006.0,2.8432612747869585e-08,2.05
Dai,1.0,-0.1,-0.4,-0.1,-0.4,315871456.0,5308318100.0,5.31,5284281250.0,1.892404951004453e-10,-0.25
Dash,28.55,0.4,-5.6,-9.9,8.3,64333700.0,11548029.0,18.9,329669773.0,8.66018128996012e-08,-2.5999999999999996
DeFiChain,0.25,0.0,-1.4,-10.0,-8.0,4357712.0,354412760.0,1.2,211350854.0,1.1828672336474212e-09,-0.7
DeGate,0.11,0.0,-2.0,-1.8,-6.5,83.93,292747740.0,1000000000.0,33175121.0,3.3157377180327392e-09,-1.0
DeRace,0.29,-0.6,-1.4,25.6,85.5,5746712.0,112920000.0,120000000.0,32868166.0,8.82312691252685e-09,-1.0
Decentraland,0.39,0.3,-3.6,-10.9,28.7,76455578.0,1846989999.0,2.19,727276330.0,5.362473435647218e-10,-1.6500000000000001
Decentralized Social,10.79,-1.1,4.1,-6.9,24.5,2195313.0,10532254.0,10.8,113307581.0,9.522752056634233e-08,1.4999999999999998
Decimal,0.615,-0.3,0.7,-0.6,-1.7,1593.0,5979852190.0,5.98,104714310.0,5.873122785223911e-09,0.19999999999999998
Decred,14.3,0.4,-4.2,-3.0,16.5,1442556.0,15657542.0,21000000.0,224102764.0,6.38100117319392e-08,-1.9000000000000001
Dent,0.615,0.2,-4.0,-9.3,15.2,4677015.0,95654960453.0,100000000000.0,98370357.0,6.251883379868185e-09,-1.9
Dero,3.68,0.1,-1.6,-5.6,28.4,17961.0,12677351.0,18.4,98370357.0,3.740964363888605e-08,-0.75
Destablecoin HAY,1.0,0.1,-1.6,-0.2,-0.4,3596769.0,39044364.0,39.2,98370357.0,1.0165664032305992e-08,-0.75
DexTools,0.58,-0.9,0.1,-7.5,19.5,314026.0,89376532.0,132000000.0,51610026.0,1.1238126483408474e-08,-0.4
DigiByte,0.01,-0.6,-5.7,-12.2,21.5,4782158.0,16649619571.0,21000000000.0,98370357.0,1.0165664032305992e-10,-3.15
Dione,0.615,0.2,-1.6,-1.0,27.6,1102657.0,9430064280.0,9.89,32624986.0,1.8850582801782657e-08,-0.7000000000000001
Dock,0.02,0.2,-5.1,-9.0,9.4,755923.0,0.0,120000000.0,56879327.0,3.51621600586097e-10,-2.4499999999999997
Dogecoin,0.07,0.1,-2.3,0.1,14.9,957225658.0,141935606384.0,142000000000.0,10532913776.0,6.645834333088345e-12,-1.0999999999999999
Dogelon Mars,0.615,0.0,3.0,2.6,21.5,2790946.0,549649971723242.0,120000000.0,85962738.0,7.15426258293448e-09,1.5
Dopex Rebate,33.3,1.0,8.8,7.9,21.7,5746712.0,1346594.0,2.1,44800644.0,7.432928865933265e-07,4.9
Dusk,0.16,0.6,-1.1,-14.5,36.6,9051677.0,427614409.0,500000000.0,66466298.0,2.407235017060827e-09,-0.25000000000000006
Dynex,1.04,-0.4,-10.9,31.9,17.2,2853573.0,77027607.0,77000000.0,79961900.0,1.3006194199987744e-08,-5.65
ECOMI,0.615,1.3,6.6,-1.7,-22.9,949073.0,271155252708.0,311000000000.0,174568824.0,3.52296581891392e-09,3.9499999999999997
EOS,0.66,0.2,-5.2,-7.5,17.1,143253351.0,1128814640.0,120000000.0,747701037.0,8.827057437931574e-10,-2.5
EURC,1.09,0.7,-0.6,0.9,2.2,5746712.0,51751154.0,51.8,56233691.0,1.9383397757049242e-08,0.04999999999999999
Echelon Prime,7.49,0.2,9.0,16.1,117.3,8629831.0,28703507.0,111000000.0,214900193.0,3.4853388893885264e-08,4.6
Ecoin,0.615,0.2,-1.6,-3.5,21.5,5746712.0,461121735617.0,1000000000000.0,36949313.0,1.6644423131764315e-08,-0.7000000000000001
Energy Web,2.55,-0.5,7.1,-3.5,49.5,2357684.0,48267290.0,69000000.0,123279631.0,2.0684682289485435e-08,3.3
Ergo,1.17,0.2,-3.2,-8.6,27.5,496268.0,71469033.0,97.7,83793327.0,1.396292571125622e-08,-1.5
Escoin,1.02,0.0,0.3,0.9,-17.4,492564.0,0.0,120000000.0,98370357.0,1.0368977312952113e-08,0.15
Ethereum,2027.6,0.5,1.4,1.0,21.5,26845710464.0,354412760.0,120000000.0,243488187281.0,8.327303359731483e-09,0.95
Ethereum Classic,18.63,0.3,-2.4,-3.5,17.7,167115878.0,143202120.0,211000000.0,2665685146.0,6.988822377599728e-09,-1.05
Ethereum Name Service,8.17,0.2,-1.6,-6.8,11.8,29030115.0,25783233.0,100000000.0,210737580.0,3.8768595520552146e-08,-0.7000000000000001
EthereumPoW,1.56,0.4,0.5,-2.8,22.1,5522443.0,107818943.0,108000000.0,168504342.0,9.257921674208253e-09,0.45
Euler,2.82,0.2,-3.7,-3.7,4.3,414211.0,18685531.0,27.2,52669790.0,5.354112860522132e-08,-1.75
Euro Tether,1.09,0.0,-1.0,-3.5,2.1,2006447.0,36387340.0,400000000.0,39411002.0,2.7657251647649053e-08,-0.5
Everscale,0.02,4.4,-15.8,-3.5,-19.1,5746712.0,1934499589.0,2.1,48187352.0,4.150466703378928e-10,-5.7
Evmos,0.08,0.1,-3.3,-4.0,43.6,1061067.0,576076249.0,1000000000.0,43655472.0,1.8325308680662073e-09,-1.5999999999999999
FINSCHIA,0.615,0.5,-2.6,-5.0,31.2,428058.0,7364293.0,7.36,198651625.0,3.095871981918094e-09,-1.05
FLEX Coin,0.47,0.2,-1.6,-3.5,21.5,5746712.0,98664939.0,98.7,46428616.0,1.0123067204932406e-08,-0.7000000000000001
FLOKI,0.615,0.2,-1.6,-7.5,24.9,31010623.0,9941648926283.0,10000000000000.0,322471019.0,1.9071481273174505e-09,-0.7000000000000001
FUNToken,0.615,0.2,-4.4,-7.5,6.4,2339560.0,10598879189.0,120000000.0,48906004.0,1.2575143125576156e-08,-2.1
Fantom,0.29,0.3,-5.0,-9.9,21.5,118565089.0,2803634836.0,3.18,816602455.0,3.551299634532693e-10,-2.35
Fasttoken,1.21,0.2,-0.5,-0.3,9.7,23076336.0,203631292.0,880000000.0,246576328.0,4.90720260867864e-09,-0.15
Fetch.ai,0.53,0.2,2.9,27.9,124.9,231395614.0,1043462805.0,1.15,554167062.0,9.563902951705926e-10,1.55
Fidu,0.81,0.0,-1.6,-0.4,1.5,26783.0,65685931.0,65.7,53327566.0,1.5189142515898814e-08,-0.8
Filecoin,4.37,0.0,-3.7,-14.3,25.9,201698294.0,471740745.0,1.96,2061302504.0,2.1200187704230334e-09,-1.85
Firmachain,0.615,0.2,-4.8,-7.1,7.5,6335053.0,782766419.0,796000000.0,52012342.0,1.1824116668309225e-08,-2.3
First Digital USD,1.0,0.4,-1.6,-0.2,-0.4,308208163.0,354412760.0,680000000.0,677957072.0,1.4750196454916543e-09,-0.6000000000000001
Flamingo Finance,0.08,0.4,-3.8,-10.2,4.5,3351558.0,535479448.0,535000000.0,98370357.0,8.132531225844794e-10,-1.7
Flare,0.01,1.1,0.6,-1.2,20.2,9635288.0,28717986141.0,101000000000.0,313376637.0,3.191048348636149e-11,0.8500000000000001
Flux,0.4,0.6,-1.8,-4.0,19.6,11894604.0,337877096.0,440000000.0,135070914.0,2.961407368576776e-09,-0.6000000000000001
Frax,1.0,0.1,-0.2,0.0,-0.1,16908853.0,670673781.0,671000000.0,668594922.0,1.4956739381278161e-09,-0.05
Frax Ether,2011.16,0.0,0.9,0.7,20.5,1636206.0,293311.0,293000.0,589714024.0,3.410398800351406e-06,0.45
Frax Share,6.89,1.1,-1.6,-11.3,24.3,41991658.0,75282183.0,99.7,518775048.0,1.3281286419928199e-08,-0.25
Fulcrom,0.02,-0.4,1.0,-12.0,21.5,5746712.0,1859559179.0,20000000000.0,33756539.0,5.924778011158075e-10,0.3
Function X,0.15,0.4,-2.4,6.4,24.3,5101761.0,668199534.0,668000000.0,100038703.0,1.4994196796014038e-09,-1.0
GALA,0.02,0.4,-7.6,-0.5,68.4,957729823.0,28064109097.0,28.1,657956871.0,3.039712917596387e-11,-3.5999999999999996
GHO,0.96,0.1,0.0,-0.2,21.5,4490919.0,33924824.0,34.2,32424700.0,2.9607058816272777e-08,0.05
GMX,50.69,0.3,1.5,-3.5,24.7,39938256.0,9217002.0,9.22,467151285.0,1.0850874572677242e-07,0.9
Gains Network,3.67,0.2,-2.5,-10.5,2.1,7403194.0,33758852.0,120000000.0,123772209.0,2.96512442465982e-08,-1.15
Galxe,1.26,0.4,-4.2,-12.9,7.8,13584258.0,95097997.0,200000000.0,120179817.0,1.0484289554210255e-08,-1.9000000000000001
GameAI,0.88,1.9,-1.6,11.7,4.1,18389301.0,200000001.0,1000000000.0,175137847.0,5.024613554830327e-09,0.1499999999999999
GameFi.org,6.08,-0.8,-1.6,2.0,184.3,284755.0,10945063.0,15000000.0,66358686.0,9.162327295028115e-08,-1.2000000000000002
Games for a Living,0.04,-0.8,-4.0,0.6,53.0,1756623.0,1577601168.0,10000000000.0,60010922.0,6.665453331978469e-10,-2.4
Gate,4.23,0.1,-0.1,2.0,11.7,1844147.0,136232297.0,300000000.0,576366923.0,7.339074869152407e-09,0.0
Gelato,0.615,1.4,11.4,-3.5,38.9,187881.0,226693876.0,421000000.0,67801847.0,9.070549361288049e-09,6.4
Gemini Dollar,1.0,0.1,-1.6,-0.4,-0.3,832262.0,151664494.0,152000000.0,151061502.0,6.619820316628389e-09,-0.75
Gitcoin,1.0,0.3,-1.6,-9.1,14.9,13679561.0,60863372.0,100000000.0,61024348.0,1.6386901831380484e-08,-0.65
Gnosis,194.21,-0.4,2.3,12.2,91.5,4313295.0,2589589.0,3000000.0,502800406.0,3.862566491245037e-07,0.95
Gods Unchained,0.3,-0.6,6.1,21.6,21.5,4823417.0,253472222.0,500000000.0,77240254.0,3.883985156237316e-09,2.75
Goldfinch,0.75,1.4,5.0,30.0,89.7,507629.0,61117727.0,114000000.0,45984705.0,1.630977082488623e-08,3.2
Golem,0.23,-0.3,-3.8,-17.6,12.4,7515162.0,1000000000.0,1000000000.0,234464388.0,9.809592064787255e-10,-2.05
Gomining Token,0.13,1.3,3.5,-3.5,23.8,1217128.0,431489866.0,431000000.0,56581362.0,2.297576364457257e-09,2.4
Groestlcoin,0.58,1.2,-5.0,-0.5,26.3,5454627.0,83862124.0,105000000.0,48448794.0,1.1971402219010858e-08,-1.9
Guild of Guardians,0.07,-0.2,-3.0,-10.1,21.5,266047.0,498243003.0,1000000000.0,35518712.0,1.9707921841310014e-09,-1.6
GuildFi,0.09,0.5,0.0,12.1,93.9,2385123.0,475227166.0,1000000000.0,41114512.0,2.189008104972765e-09,0.25
H2O Dao,0.15,0.2,-1.7,0.9,18.2,403879.0,225062277.0,1000000000.0,32800165.0,4.573147726543449e-09,-0.75
HELLO,0.12,-0.1,-2.6,-0.4,85.4,6289984.0,531305095.0,1000000000.0,64082642.0,1.872581970013034e-09,-1.35
HXRO,0.15,0.5,-2.4,-3.5,21.5,7376.0,610385692.0,1000000000.0,88915994.0,1.68698558326863e-09,-0.95
Harmony,0.01,0.5,-5.7,-11.1,27.5,15857039.0,12305426115.0,120000000.0,154829936.0,6.458699304764939e-11,-2.6
HarryPotterObamaSonic10Inu (ETH),0.1,-5.8,-0.7,-24.2,-1.7,3096546.0,354412760.0,1000000000.0,96122091.0,1.0403435772116111e-09,-3.25
Hashflow,0.29,0.6,-1.6,-4.6,25.0,45824242.0,175229156.0,1000000000.0,50313396.0,5.7638725082282255e-09,-0.5
Hedera,0.06,0.6,-3.9,-3.5,21.4,5746712.0,33562400523.0,50000000000.0,98370357.0,6.099398419383595e-10,-1.65
Helium,2.1,1.1,3.1,2.0,43.1,1729019.0,143934821.0,223000000.0,302380380.0,6.944895035848556e-09,2.1
Hermez Network,3.53,0.3,-24.8,-24.0,-25.1,464090.0,354412760.0,16.7,98370357.0,3.588479403404015e-08,-12.25
Hifi Finance,0.77,0.6,-2.1,-0.5,21.5,19688790.0,107696305.0,120000000.0,98370357.0,7.827561304875614e-09,-0.75
Hive,0.34,0.7,-3.3,-8.3,3.7,1283437.0,371261454.0,120000000.0,124680874.0,2.7269619556885687e-09,-1.2999999999999998
Holo,0.615,0.2,-3.8,-8.0,20.1,13637575.0,177619433541.0,178000000000.0,98370357.0,6.251883379868185e-09,-1.7999999999999998
Hooked Protocol,0.87,0.3,-1.6,-14.8,11.4,13247151.0,95833333.0,500000000.0,83343208.0,1.0438763048333825e-08,-0.65
Horizen,0.615,0.5,-5.9,-3.5,16.9,17706610.0,354412760.0,14.4,137389547.0,4.476323078640036e-09,-2.7
Humans.ai,0.01,-2.0,-3.1,-20.3,12.0,201810.0,4793100000.0,7.8,54503336.0,1.8347500784172184e-10,-2.55
Huobi,2.92,0.0,-3.1,0.8,27.2,5746712.0,354412760.0,201000000.0,464588205.0,6.285135887167002e-09,-1.55
Huobi BTC,0.615,0.2,-8.4,-9.4,16.7,20815998.0,8969.0,8.97,317883847.0,1.934668923268693e-09,-4.1000000000000005
HyperCash,0.08,-0.2,2.3,2.7,43.4,179576.0,0.0,84000000.0,28123266.0,2.8446198247387056e-09,1.0499999999999998
ICON,0.24,-0.1,-1.6,-13.7,23.4,5642526.0,972705137.0,986000000.0,232582348.0,1.0318925836968504e-09,-0.8500000000000001
IDEX,0.05,0.7,-3.8,-8.1,14.2,4748186.0,354412760.0,1000000000.0,41456414.0,1.2060859870803106e-09,-1.5499999999999998
IOST,0.01,0.2,-3.1,-6.7,12.0,6696929.0,18708894189.0,120000000.0,160614486.0,6.22608847373829e-11,-1.45
IOTA,0.17,0.9,-3.9,-7.6,15.6,9356115.0,3018990414.0,4.6,524134088.0,3.243444833910517e-10,-1.5
IQ,0.01,-0.4,-3.4,-5.1,13.2,5746712.0,17201926356.0,17.2,96485382.0,1.0364264298606394e-10,-1.9
Illuvium,98.09,1.3,0.7,7.5,140.7,44179670.0,6054182.0,9.61,593859683.0,1.6517369811077072e-07,1.0
Image Generation AI,0.05,-0.4,4.1,35.0,121.9,539471.0,777193333.0,1000000000.0,36356564.0,1.3752674757713628e-09,1.8499999999999999
Immutable,1.33,0.7,1.0,14.4,122.0,831069420.0,1251798947.0,2000000000.0,1665608134.0,7.985071475401429e-10,0.85
Injective,15.63,0.7,0.7,-5.6,51.2,101870789.0,84255556.0,100000000.0,1316138826.0,1.1875646923586769e-08,0.7
Internet Computer,4.26,0.3,-1.6,-5.4,28.8,48796544.0,449607558.0,120000000.0,1915851337.0,2.223554572178165e-09,-0.65
IoTeX,0.02,0.9,-5.7,-10.9,15.7,11358900.0,9442543017.0,9.5,209680573.0,9.538318077755348e-11,-2.4
JOE,0.37,-0.2,1.5,-15.4,55.8,15357862.0,341459396.0,500000000.0,125234023.0,2.954468690988231e-09,0.65
JUNO,0.43,0.2,-6.0,-24.6,173.4,244217.0,79509431.0,106000000.0,33938988.0,1.2669794396933697e-08,-2.9
JUST,0.03,0.0,-1.6,-3.5,18.3,46697586.0,8902080000.0,120000000.0,267779250.0,1.1203257907399471e-10,-0.8
JasmyCoin,0.615,-0.5,-4.3,-3.9,53.9,5746712.0,48419999999.0,50000000000.0,98370357.0,6.251883379868185e-09,-2.4
KILT Protocol,0.34,0.2,1.6,-20.2,45.4,109943.0,129683121.0,161000000.0,44574099.0,7.627748123411312e-09,0.9
Kadena,0.615,0.8,-1.8,-5.9,30.9,5555829.0,254391906.0,1000000000.0,149072705.0,4.125503726520559e-09,-0.5
Kava,0.615,0.2,-2.9,-10.9,21.5,5746712.0,955123860.0,955000000.0,692555026.0,8.880160809056059e-10,-1.3499999999999999
Keep Network,0.11,0.7,-1.6,-7.6,10.6,113595.0,549716300.0,1000000000.0,60312157.0,1.8238445691803065e-09,-0.45000000000000007
Keep3rV1,69.44,0.1,-2.5,-2.7,48.2,7804911.0,493762.0,494000.0,34295662.0,2.024745870191979e-06,-1.2
Kin,0.615,-0.1,-5.5,13.5,38.2,308955.0,2935736173367.0,2.94,44739462.0,1.3746253810562138e-08,-2.8
Kinesis Gold,64.06,-0.2,-0.9,1.7,1.2,1247948.0,1312843.0,120000000.0,84090430.0,7.617989347896069e-07,-0.55
Kinesis Silver,23.72,-0.4,-1.1,1.8,21.5,5746712.0,3487963.0,120000000.0,82752060.0,2.8663939000430927e-07,-0.75
Klaytn,0.19,-1.8,8.4,14.9,55.3,37282005.0,3271052184.0,120000000.0,633012159.0,3.001522124000781e-10,3.3000000000000003
Klever,0.615,0.7,-4.1,-14.3,8.7,82454.0,9026655587.0,9.03,35246748.0,1.744841822002983e-08,-1.6999999999999997
Koda Cryptocurrency,0.615,0.3,0.3,-7.8,9.6,0.47,0.0,33000000000.0,29900818.0,2.0567999176477378e-08,0.3
Koinos,1.9,-12.5,49.6,222.9,366.5,5872850.0,33786925.0,34000000.0,64582133.0,2.941990163130722e-08,18.55
Komodo,0.24,-0.4,-4.3,-4.3,21.5,1358265.0,139054317.0,200000000.0,33028642.0,7.266420460156975e-09,-2.35
Krypton DAO,0.92,-1.4,-5.4,1.5,14.5,12289.0,102457125.0,10000000000.0,95229099.0,9.660912574632256e-09,-3.4000000000000004
KuCoin,7.39,0.3,2.7,22.3,63.4,305244.0,96732986.0,144000000.0,98370357.0,7.512425719874128e-08,1.5
Kujira,3.38,-2.0,-1.4,-4.1,163.6,2451272.0,122349807.0,122000000.0,98370357.0,3.4359944429194255e-08,-1.7
Kusama,23.27,0.7,-1.7,-7.7,29.6,16146518.0,8980098.0,120000000.0,209011232.0,1.1133372966291112e-07,-0.5
Kwenta,187.1,-1.1,7.9,-3.5,196.1,758480.0,448411.0,784000.0,98370357.0,1.901995740444451e-06,3.4000000000000004
Kyber Network Crystal,0.74,0.2,-2.7,-10.3,10.7,18035324.0,151290858.0,229000000.0,111633376.0,6.628841897605963e-09,-1.25
LCX,0.07,12.8,77.4,54.4,71.1,158567.0,775032564.0,950000000.0,54886916.0,1.2753494840191059e-09,45.1
LEO Token,3.98,-0.1,1.1,-1.1,2.8,1301722.0,928455568.0,985000000.0,3691760459.0,1.0780764473213077e-09,0.5
LIF3 (OLD),0.01,0.6,1.7,-3.5,18.3,536950.0,2575866293.0,8.89,98370357.0,1.0165664032305992e-10,1.15
LUKSO [OLD],6.41,-0.2,0.7,-2.8,23.5,451781.0,15575916.0,100000000.0,99791237.0,6.423409702797852e-08,0.24999999999999997
LeverFi,0.615,0.8,-3.5,-10.2,0.5,7612390.0,354412760.0,35000000000.0,35963670.0,1.7100590679427322e-08,-1.35
Lido DAO,0.615,1.9,4.0,-3.5,40.2,106146291.0,890191580.0,1000000000.0,2197746319.0,2.7983211469094037e-10,2.95
Lido Staked Ether,2023.81,0.4,1.5,0.9,20.7,17625537.0,9107771.0,9.11,18435320434.0,1.0977894348218195e-07,0.95
Lido Staked SOL,62.78,0.9,-1.0,-11.4,89.3,3112861.0,3900412.0,3.9,244698790.0,2.565603205475597e-07,-0.04999999999999999
Linear,0.01,0.9,-1.1,-17.2,14.8,9060365.0,5779009375.0,10000000000.0,58651264.0,1.7049930927319828e-10,-0.10000000000000003
Liquity,1.34,0.6,-2.3,-8.2,-11.6,27507188.0,354412760.0,100000000.0,126547229.0,1.0588931978905678e-08,-0.8499999999999999
Liquity USD,0.99,0.0,-0.3,-0.2,-0.2,16191977.0,210657676.0,120000000.0,208972664.0,4.737461738057758e-09,-0.15
Lisk,0.615,0.4,-7.0,-11.2,9.1,3684187.0,144818773.0,120000000.0,144528188.0,4.255225285187966e-09,-3.3
Litecoin,67.37,-0.1,-3.8,-6.4,1.9,447880362.0,73901846.0,84000000.0,4981779441.0,1.3523280345481679e-08,-1.95
Litentry,0.89,1.4,1.2,9.9,21.5,10771294.0,46975262.0,100000000.0,41935835.0,2.1222899222109206e-08,1.2999999999999998
Livepeer,6.34,0.4,-6.3,-13.8,8.7,33602693.0,29764387.0,29.8,188607213.0,3.3614833171836327e-08,-2.9499999999999997
LooksRare,0.615,4.6,9.8,1.0,21.5,5746712.0,544846570.0,997000000.0,43400928.0,1.4170203918220366e-08,7.2
Loom Network (OLD),0.615,-0.3,-2.5,-9.0,17.6,391440.0,354412760.0,1000000000.0,98133256.0,6.2669886343116955e-09,-1.4
Loopring,0.2,0.0,-6.0,-14.5,15.3,27732526.0,1245991469.0,1.37,250586765.0,7.981267486333527e-10,-3.0
Lyra Finance,0.13,-0.7,-1.2,66.1,143.2,35464.0,572242621.0,1000000000.0,71855210.0,1.8091937940199466e-09,-0.95
MUX Protocol,11.4,-0.4,0.1,4.9,21.5,5746712.0,3803143.0,4.8,43353326.0,2.629556034524318e-07,-0.15000000000000002
MVL,0.615,0.1,-4.8,-4.3,20.0,3413340.0,23902958863.0,27.8,96900264.0,6.346731934600302e-09,-2.35
MX,2.89,0.4,-0.9,-0.5,8.3,3099709.0,100631536.0,120000000.0,98370357.0,2.937876905336432e-08,-0.25
Magic,0.69,2.3,2.9,-3.5,42.8,99188036.0,241929766.0,120000000.0,167859487.0,4.110580893172871e-09,2.5999999999999996
Magic Internet Money,0.615,1.1,-1.6,-0.7,-1.0,337447.0,38963572.0,163000000.0,38526221.0,1.5963154029563397e-08,-0.25
MaidSafeCoin,0.2,0.3,0.3,-2.0,2.9,888.0,0.0,2.3,92887554.0,2.1531409902342786e-09,0.3
Mainframe,0.01,9.9,-1.6,-5.7,42.2,12872.0,9386552599.0,10000000000.0,73083046.0,1.36830640583864e-10,4.15
Maker,1469.55,0.8,1.3,3.3,-3.4,134212928.0,901311.0,978000.0,1323268975.0,1.110545193580164e-06,1.05
Mantle,0.46,-0.1,-2.9,0.3,21.3,16337730.0,3105990005.0,120000000.0,1434927462.0,3.205736960102866e-10,-1.5
Maple,13.55,-0.8,3.8,-3.5,127.5,1428008.0,7919160.0,120000000.0,107298273.0,1.262834864080245e-07,1.5
Marblex,0.62,-0.5,-3.6,-8.7,4.9,1763665.0,100151658.0,323000000.0,62548111.0,9.91236969570512e-09,-2.05
Marinade,0.17,0.0,-8.5,-15.3,276.2,639933.0,239023408.0,1000000000.0,98370357.0,1.728162885492019e-09,-4.25
Marinade staked SOL,62.95,0.3,-0.7,-3.5,88.8,19758667.0,5232842.0,5.23,329403979.0,1.9110273103288774e-07,-0.19999999999999998
Marlin,0.01,0.3,-2.1,-5.9,18.3,2199995.0,354412760.0,5.03,80977602.0,1.234909376545875e-10,-0.9
Mask Network,3.28,0.0,-4.8,-5.4,21.3,116522963.0,82112500.0,100000000.0,269076649.0,1.2189835172207751e-08,-2.4
Maverick Protocol,0.26,0.1,-3.9,-15.8,17.9,14246413.0,250000000.0,2000000000.0,65691376.0,3.9579015668662506e-09,-1.9
Mdex (HECO),0.04,1.5,-3.6,-5.6,5.1,353146.0,950246687.0,1.06,98370357.0,4.066265612922397e-10,-1.05
Medibloc,0.01,0.5,-1.6,-6.8,20.4,5746712.0,8030122504.0,9.34,95203413.0,1.0503825109715342e-10,-0.55
Merit Circle,0.85,-1.0,2.7,15.5,82.4,512287.0,354412760.0,111000000.0,94223232.0,9.02112973581717e-09,0.8500000000000001
Metadium,0.04,-0.4,-7.1,-2.5,30.7,5746712.0,1703608720.0,2000000000.0,73026229.0,5.477483987294483e-10,-3.75
Metal DAO,1.55,-1.8,-2.5,-12.0,13.8,7567074.0,64633864.0,66.6,100266958.0,1.545873167908415e-08,-2.15
Metars Genesis,1.09,1.0,1.1,1.4,18.3,46158.0,62850000.0,1000000000.0,68719343.0,1.5861618467452464e-08,1.05
Meter Governance,2.15,0.8,-6.3,1.4,36.8,245262.0,21810924.0,45.5,46852243.0,4.588894495403347e-08,-2.75
Metis,17.98,0.1,1.4,-6.0,21.5,3900315.0,4354321.0,120000000.0,78213105.0,2.2988474885378863e-07,0.75
MiL.k Alliance,0.615,2.2,3.8,0.0,20.5,3492866.0,322081133.0,986000000.0,103938757.0,5.916945879966604e-09,3.0
MicrovisionChain,20.63,0.1,13.2,39.0,156.1,2192225.0,1914973.0,21000000.0,39506594.0,5.221913081142859e-07,6.6499999999999995
Mina Protocol,0.615,-0.2,-4.2,-0.4,44.1,30911301.0,1005962475.0,1.1,98370357.0,6.251883379868185e-09,-2.2
Mobox,0.25,-0.2,-5.7,-8.6,20.1,15879238.0,354412760.0,120000000.0,55358140.0,4.5160476851281496e-09,-2.95
Monero,162.5,0.3,-1.6,-0.9,21.5,102088968.0,18147820.0,120000000.0,2946441264.0,5.515127757184438e-08,-0.65
Moonbeam,0.24,0.2,-5.1,-7.0,35.4,11203206.0,354412760.0,1.09,188541511.0,1.2729292277709602e-09,-2.4499999999999997
Moonriver,6.61,0.5,-13.4,7.8,21.5,41423904.0,354412760.0,11.1,98370357.0,6.719503925354261e-08,-6.45
Morpheus Network,0.615,0.4,-0.7,-11.0,10.2,412358.0,354412760.0,47.9,45556293.0,1.3499781468171696e-08,-0.14999999999999997
Mossland,0.09,-0.2,-6.4,-3.5,16.6,4380109.0,404489688.0,500000000.0,98370357.0,9.149097629075393e-10,-3.3000000000000003
MovieBloc,0.01,-0.1,-4.0,-17.1,56.6,7607332.0,17168553885.0,30000000000.0,89746717.0,1.1142468866019913e-10,-2.05
Multichain,2.02,0.1,-5.4,-8.6,-4.6,2979982.0,19363293.0,100000000.0,39113829.0,5.164413844525424e-08,-2.6500000000000004
MultiversX,42.35,0.5,-1.4,-9.7,21.5,35420729.0,26234462.0,26.2,1111114409.0,3.811488687120428e-08,-0.44999999999999996
Murasaki,1.22,0.3,-3.4,-14.1,-13.6,8572.0,57400000.0,1000000000.0,70258419.0,1.7364467025652825e-08,-1.55
My Neighbor Alice,0.93,1.6,-1.6,-11.4,21.3,27302622.0,81578571.0,100000000.0,75605917.0,1.2300624566196321e-08,0.0
Myria,0.615,0.9,11.5,3.1,155.4,1745045.0,354412760.0,50000000000.0,41902521.0,1.4676921228677387e-08,6.2
NEAR Protocol,1.8,0.0,-6.6,8.4,69.5,300672386.0,1000915617.0,1000000000.0,1805533947.0,9.969350080572038e-10,-3.3
NEM,0.03,0.5,-4.3,-3.5,24.1,5746712.0,8999999999.0,9000000000.0,310280518.0,9.668670206358235e-11,-1.9
NEO,10.45,0.0,-4.1,-11.1,39.4,71702628.0,70530000.0,100000000.0,737334727.0,1.417266760582131e-08,-2.05
NEXO,0.74,0.2,-1.6,-1.2,27.6,4512144.0,560000010.0,1000000000.0,414359635.0,1.7858882417443967e-09,-0.7000000000000001
NKN,0.11,1.4,0.5,14.4,35.7,8624439.0,650000000.0,1000000000.0,73062916.0,1.505551735712273e-09,0.95
Nakamoto Games,1.3,0.2,0.5,-3.5,75.6,9125900.0,64984278.0,180000000.0,84189221.0,1.5441406685542324e-08,0.35
Nano,0.71,-1.4,-3.2,-3.3,9.8,4869742.0,133248290.0,133000000.0,95221693.0,7.456284147352851e-09,-2.3
Nerve Finance,0.615,-0.4,-1.1,9.8,7.9,39765.0,0.0,141000000.0,60499825.0,1.0165318660012653e-08,-0.75
Nervos Network,0.615,-0.1,-1.6,-14.4,18.7,3285910.0,33340636263.0,120000000.0,104251540.0,5.899193431579044e-09,-0.8500000000000001
Nexa,0.615,0.8,25.2,62.1,140.5,2359665.0,4117370000000.0,4.12,41290629.0,1.4894420717107506e-08,13.0
Nexus Mutual,20.82,0.2,3.8,-3.5,-56.7,17878.0,6752544.0,6.75,140558432.0,1.4812345089336226e-07,2.0
NuCypher,0.615,-0.1,-3.7,-8.5,9.6,2081.0,0.0,3.89,124609282.0,4.9354268809606015e-09,-1.9000000000000001
NuNet,0.06,0.0,-0.5,1.3,82.4,148634.0,569910312.0,1000000000.0,36039408.0,1.6648442171969084e-09,-0.25
Numeraire,15.47,0.9,1.8,5.2,23.4,5746712.0,6262856.0,10.8,96867070.0,1.5970339559150493e-07,1.35
Nym,0.16,0.2,-0.2,-4.7,21.5,1142460.0,609478782.0,1000000000.0,96863790.0,1.6518040435956512e-09,0.0
OKB,57.04,0.1,-1.6,-3.3,29.0,49303991.0,60000000.0,120000000.0,3416416730.0,1.6695855484819616e-08,-0.75
OKT Chain,14.05,0.3,3.6,5.3,25.7,3539810.0,17847480.0,17.8,250727962.0,5.6036829270761595e-08,1.95
OMG Network,0.615,0.6,-5.4,-13.0,22.7,27170931.0,140245398.0,140000000.0,82660482.0,7.440072754475349e-09,-2.4000000000000004
ORDI,21.19,0.2,0.5,-5.1,435.5,201703622.0,21000000.0,21000000.0,445592225.0,4.75546897165901e-08,0.35
Oasis Network,0.07,0.2,1.2,-2.0,60.9,5746712.0,5029357184.0,10000000000.0,348498824.0,2.0086150993726168e-10,0.7
Oasys,0.06,2.1,2.8,-3.5,47.8,1089221.0,1063518671.0,10000000000.0,63194324.0,9.494523590441444e-10,2.45
Ocean Protocol,0.46,0.9,-2.1,11.3,54.1,5746712.0,434026837.0,1.41,198930161.0,2.3123693143746063e-09,-0.6000000000000001
Olympus,11.4,-0.1,-0.1,0.4,-2.4,5746712.0,16365246.0,26.8,186476204.0,6.113380557660859e-08,-0.1
Ontology,0.21,0.0,-4.8,-9.4,13.8,7812163.0,896397857.0,1000000000.0,184624659.0,1.1374428591361677e-09,-2.4
Open Campus,0.56,0.2,-8.5,-6.7,34.9,15624072.0,354412760.0,120000000.0,117299078.0,4.774121071949091e-09,-4.15
Open Exchange Token,0.01,-3.3,2.2,-26.3,-14.2,636515.0,5475687806.0,5.48,66140615.0,1.5119303018274023e-10,-0.5499999999999998
Optimism,1.71,1.0,0.9,-7.5,33.1,145187244.0,880917403.0,4.29,1503698590.0,1.1371959855332444e-09,0.95
Oraichain,3.97,-0.2,4.8,3.5,56.2,2710471.0,14692224.0,120000000.0,58525257.0,6.783396098542549e-08,2.3
Orbs,0.04,0.6,-2.7,-13.7,-9.0,7594847.0,3217486459.0,10000000000.0,133108128.0,3.0050756930485867e-10,-1.05
Orca,2.23,-0.1,5.0,-5.8,135.4,626672.0,43116815.0,100000000.0,96213197.0,2.317769359644083e-08,2.45
Orchid Protocol,0.07,0.3,-7.7,-4.8,11.0,7143199.0,591544729.0,1000000000.0,41366824.0,1.6921772868035507e-09,-3.7
Origin Ether,2020.46,0.3,1.7,0.8,21.5,1257265.0,39039.0,39000.0,98370357.0,2.0539317550712967e-05,1.0
Origin Protocol,0.615,0.2,-4.3,-3.5,1.1,11972977.0,354412760.0,1000000000.0,56997811.0,1.0789888053771048e-08,-2.05
Osaka Protocol,0.615,-0.1,-2.8,34.2,27.6,40351.0,761500000000000.0,762000000000000.0,33511484.0,1.8351917808235527e-08,-1.45
Osmosis,0.615,-0.4,-2.2,-4.5,156.3,17174602.0,628638059.0,120000000.0,387368849.0,1.5876341156177998e-09,-1.3
PAAL AI,0.16,-7.6,-5.1,1.9,21.5,6443727.0,650945444.0,1000000000.0,98370357.0,1.6265062451689588e-09,-6.35
PAX Gold,1976.3,-0.1,-0.3,-3.5,0.7,13032976.0,232987.0,233000.0,460404147.0,4.292533012305817e-06,-0.2
PLAYA3ULL GAMES,0.01,-0.8,19.1,-3.5,1138.6,2794081.0,6727850516.0,120000000.0,42866355.0,2.3328318911183373e-10,9.15
PancakeSwap,2.36,0.4,-9.1,-11.6,105.5,218610934.0,234093308.0,390000000.0,551222280.0,4.281394431299112e-09,-4.35
Pax Dollar,1.0,0.1,0.0,0.0,-0.1,3387487.0,448212766.0,448000000.0,447356828.0,2.235352044296952e-09,0.05
PayPal USD,1.0,0.0,-0.3,0.0,21.5,5807767.0,157956966.0,158000000.0,157679587.0,6.34197500783662e-09,-0.15
Pendle,1.07,0.2,1.3,-1.7,21.5,22796340.0,96950723.0,258000000.0,98370357.0,1.0877260514567412e-08,0.75
Pepe,0.615,0.2,-2.7,-9.5,45.3,79609116.0,420690000000000.0,421000000000000.0,454089716.0,1.354357912831481e-09,-1.25
Perpetual Protocol,0.59,0.5,-2.8,-10.0,8.4,5844715.0,72609864.0,150000000.0,42865230.0,1.3764069386773381e-08,-1.15
Persistence,0.27,0.0,2.0,2.1,67.5,338899.0,187724576.0,193000000.0,51181991.0,5.275293022500825e-09,1.0
Phoenix,0.76,1.1,-2.2,4.9,29.9,8098099.0,46071392.0,46.1,34888295.0,2.178381030084732e-08,-0.55
PlayDapp,0.2,0.4,-3.4,-9.9,10.7,5746712.0,569265030.0,700000000.0,110986735.0,1.802017150968537e-09,-1.5
Pocket Network,0.07,0.4,0.5,28.4,192.2,1324721.0,1548744251.0,1.64,108214046.0,6.468661193945193e-10,0.45
Polkadot,5.09,0.2,-1.6,-3.5,26.4,271357711.0,1299550655.0,1.38,6613672178.0,7.696178254694256e-10,-0.7000000000000001
Polkastarter,0.36,0.8,-1.6,1.4,26.3,1951303.0,99351432.0,120000000.0,98370357.0,3.659639051630157e-09,-0.4
Polygon,0.76,0.5,-1.6,-15.7,25.1,711370306.0,9275380957.0,10000000000.0,7042683031.0,1.0791341831723564e-10,-0.55
Polygon Ecosystem Token,0.76,-0.2,-1.6,-16.2,21.5,273366.0,67101328.0,10000000000.0,98370357.0,7.725904664552555e-09,-0.9
Polymath,0.19,3.4,-10.8,-28.2,0.6,2235168.0,898550830.0,1000000000.0,98370357.0,1.9314761661381387e-09,-3.7
Polymesh,0.19,0.7,-5.1,-9.2,9.3,14292372.0,354412760.0,879000000.0,166411884.0,1.141745381597867e-09,-2.1999999999999997
Power Ledger,0.26,-2.3,-5.7,6.2,12.4,16928760.0,429712892.0,1000000000.0,113774978.0,2.2852124831876477e-09,-4.0
Prisma mkUSD,0.99,0.0,-0.1,-0.5,-0.2,5310596.0,167504005.0,167000000.0,166046484.0,5.962185865977144e-09,-0.05
Prom,4.28,-0.2,-1.8,-3.4,0.4,1864231.0,18250000.0,19.3,78204417.0,5.4728366557607615e-08,-1.0
Pundi X,0.615,-2.4,-1.5,-5.9,22.2,11670163.0,258422692.0,258000000.0,126590773.0,4.85817398397591e-09,-1.95
Pyth Network,0.42,5.4,-1.6,-3.5,21.5,182645148.0,1500000000.0,10000000000.0,624040526.0,6.730332125897862e-10,1.9000000000000001
QANplatform,0.03,0.8,-8.0,7.6,25.7,472486.0,2267255629.0,3.33,60079586.0,4.993376618806927e-10,-3.6
Qtum,2.99,0.2,-3.1,-5.7,26.0,5746712.0,104915108.0,108000000.0,313798983.0,9.528392894759638e-09,-1.45
Quant,98.04,0.0,-1.6,-4.7,5.5,31347588.0,354412760.0,14.6,1426103888.0,6.874674476730688e-08,-0.8
QuarkChain,0.01,-0.8,-4.4,-14.7,21.5,1614258.0,6921608235.0,10000000000.0,74127522.0,1.3490266138938248e-10,-2.6
RSK Infrastructure Framework,0.1,-0.5,-0.8,-7.1,-6.1,3081372.0,1000000000.0,1000000000.0,96678971.0,1.0343510999925723e-09,-0.65
RSS3,0.14,-2.6,-5.4,-3.5,53.9,5746712.0,558874999.0,1000000000.0,79644246.0,1.7578168798283309e-09,-4.0
Radiant Capital,0.23,0.5,-4.5,-13.4,4.9,24181754.0,367189806.0,1000000000.0,85623394.0,2.686181769435582e-09,-2.0
Radio Caca,0.615,1.0,-6.9,-14.1,8.3,8898227.0,351351566604.0,427000000000.0,54964989.0,1.118894065456831e-08,-2.95
Radix,0.615,0.1,10.0,31.2,36.4,5746712.0,10305310076.0,12.7,594573578.0,1.0343547422149323e-09,5.05
Radworks,1.42,0.5,-8.1,-3.5,9.8,10158796.0,49829111.0,100000000.0,98370357.0,1.4435242925874509e-08,-3.8
Ravencoin,0.02,-0.1,-4.1,-9.7,12.4,11581067.0,11907968089.0,11.9,198107637.0,1.0095521961124599e-10,-2.0999999999999996
Raydium,0.38,-0.9,7.8,-8.6,111.7,25429912.0,242050954.0,555000000.0,91726336.0,4.1427578661814205e-09,3.4499999999999997
Real USD,0.53,0.1,-0.2,0.2,-7.2,33047.0,45207233.0,45.2,98370357.0,5.3878019371221765e-09,-0.05
Redacted,180.41,-0.1,10.9,6.1,66.9,5746712.0,238911.0,239000.0,43099766.0,4.185869593816356e-06,5.4
Reef,0.615,0.5,-4.2,-9.3,14.9,20112922.0,22821409581.0,22.8,34571246.0,1.7789350143758197e-08,-1.85
Refinable,0.615,0.1,-5.0,-6.0,51.9,98787.0,0.0,500000000.0,27281351.0,2.2542871868772187e-08,-2.45
Ren,0.05,1.0,-5.3,-9.5,21.7,20704070.0,1000000000.0,1000000000.0,52929502.0,9.446527571712275e-10,-2.15
Render,3.26,0.2,-4.7,31.4,61.6,193668334.0,374243313.0,531000000.0,1222039540.0,2.6676714568499147e-09,-2.25
Request,0.08,0.4,-4.0,-2.9,10.8,1598715.0,768806704.0,1000000000.0,60121581.0,1.3306369970543523e-09,-1.8
Reserve Rights,0.615,1.1,-4.2,-9.9,26.0,12964566.0,50600000000.0,100000000000.0,116746078.0,5.267842916316212e-09,-1.55
Ribbon Finance,0.2,0.0,-4.2,11.3,16.5,830191.0,835683231.0,1000000000.0,165959207.0,1.205115423334121e-09,-2.1
Rocket Pool,27.48,1.5,3.0,-4.6,21.5,4951292.0,19842347.0,19.8,543831667.0,5.053034177209839e-08,2.25
Rocket Pool ETH,2216.89,0.4,2.1,1.2,21.3,8583634.0,543163.0,543000.0,98370357.0,2.253615893657883e-05,1.25
RocketX exchange,0.67,0.1,0.8,-3.5,21.5,900248.0,84974047.0,99.3,57314082.0,1.1689971759470911e-08,0.45
Rollbit Coin,0.16,-2.3,-6.7,-30.4,3.7,8526016.0,3081146040.0,3.08,504641576.0,3.170567143282701e-10,-4.5
Ronin,0.82,0.4,-1.6,2.6,92.3,5746712.0,271008046.0,1000000000.0,220915813.0,3.7118212085614712e-09,-0.6000000000000001
Router Protocol,3.58,1.1,-1.9,7.4,79.4,1842371.0,13648149.0,120000000.0,48810698.0,7.334457704333587e-08,-0.3999999999999999
SKALE,0.06,-1.0,7.9,91.4,155.5,5746712.0,5001811004.0,120000000.0,284224078.0,2.111010454223375e-10,3.45
SOMESING Exchange,0.02,-0.1,-0.1,-3.0,24.5,5746712.0,2872693295.0,5000000000.0,60445909.0,3.308743359290039e-10,-0.1
SPACE ID,0.23,0.2,-5.2,-20.6,29.2,5746712.0,286000000.0,2000000000.0,66689039.0,3.4488426201493172e-09,-2.5
SSV Network,17.46,1.0,1.5,-3.5,37.9,20515085.0,7085673.0,11.1,123731884.0,1.4111156668397615e-07,1.25
STASIS EURO,1.08,0.2,-0.7,0.2,2.2,2375581.0,124125940.0,124000000.0,134777380.0,8.013214086814866e-09,-0.24999999999999997
STEPN,0.27,1.2,-0.9,7.8,78.8,152470737.0,1381830966.0,5.37,98370357.0,2.7447292887226183e-09,0.14999999999999997
STP,0.06,0.0,-5.3,-3.7,10.3,6785349.0,1942420283.0,1.94,125474483.0,4.781848752467065e-10,-2.65
SX Network,0.18,-0.1,-0.4,-3.8,-5.9,79747.0,355189001.0,1000000000.0,62877986.0,2.8626871096030335e-09,-0.25
SXP,0.33,0.2,-6.3,-8.4,16.1,17142564.0,585067686.0,585000000.0,191985775.0,1.7188773491161e-09,-3.05
SafePal,0.64,0.0,-4.4,-4.8,0.0,9425285.0,420833333.0,500000000.0,268693602.0,2.381895196745325e-09,-2.2
Saitama,0.615,0.2,-0.4,4.9,-16.6,690613.0,44802593111.0,44.8,43310082.0,1.4199926936180818e-08,-0.1
Secret,0.34,0.2,-3.8,-7.7,26.8,5746712.0,266482066.0,283000000.0,98370357.0,3.456325770984038e-09,-1.7999999999999998
Seedify.fund,1.93,-0.4,6.1,28.6,207.1,9450341.0,58248607.0,120000000.0,112402660.0,1.7170412159285197e-08,2.8499999999999996
Sei,0.17,5.4,8.1,3.7,66.4,5746712.0,1800000000.0,10000000000.0,313952989.0,5.41482342759285e-10,6.75
Sentinel Protocol,0.08,0.2,-1.6,-11.3,11.0,2595477.0,491736120.0,120000000.0,37428753.0,2.137394211343349e-09,-0.7000000000000001
Shadow Token,0.47,5.4,32.0,11.0,21.5,955916.0,153730630.0,169000000.0,72120594.0,6.516862576034801e-09,18.7
Shardus,0.14,0.3,1.5,1.1,-4.8,3885.0,439556760.0,1000000000.0,62413317.0,2.2431110334994694e-09,0.9
Share,0.615,2.4,5.3,-3.5,34.5,112384.0,0.0,4.4,53555387.0,1.1483438631486316e-08,3.8499999999999996
Shiba Inu,0.615,0.3,-4.2,-7.1,9.9,214418543.0,589326636861240.0,1000000000000000.0,4682520125.0,1.3133953161600133e-10,-1.9500000000000002
Short-term T-Bill Token,0.99,0.2,-1.6,-3.5,21.5,5746712.0,111511434.0,120000000.0,98370357.0,1.0064007391982933e-08,-0.7000000000000001
Siacoin,0.615,-1.9,-3.0,-3.5,44.0,5746712.0,51477015000.0,120000000.0,231275248.0,2.6591691299364643e-09,-2.45
Sidus,0.615,0.4,5.3,25.6,332.6,1768400.0,24418024645.0,29.5,90558547.0,6.791186700466826e-09,2.85
SingularityNET,0.29,-0.2,0.4,14.7,56.2,100368709.0,1241997271.0,1.35,354623894.0,8.17767795421027e-10,0.1
SmarDex,0.01,-0.1,-1.6,11.1,21.5,5746712.0,354412760.0,10000000000.0,99024076.0,1.009855421422968e-10,-0.8500000000000001
Smooth Love Potion,0.615,-0.4,-4.1,2.3,59.9,5746712.0,41283864685.0,120000000.0,95815267.0,6.418601327907378e-09,-2.25
Solend,0.91,0.2,-1.5,-1.9,83.5,80964.0,37120572.0,100000000.0,33688603.0,2.7012102579617208e-08,-0.65
Sologenic,0.11,0.0,-1.5,-6.2,-0.5,2258296.0,399198717.0,399000000.0,43488325.0,2.529414503777738e-09,-0.75
Sommelier,0.17,0.2,0.3,12.8,43.4,89351.0,249643969.0,500000000.0,41525038.0,4.093915579318675e-09,0.25
Songbird,0.615,-0.3,-1.6,-6.1,2.4,268552.0,14482530245.0,17.7,98370357.0,6.251883379868185e-09,-0.9500000000000001
Stacks,0.61,0.0,-2.9,-3.5,-6.2,23968051.0,1421837341.0,1.82,861520742.0,7.080502769833486e-10,-1.45
Stader ETHx,2046.01,-0.1,1.9,0.7,21.0,49621.0,37719.0,37.7,77159639.0,2.651658336555981e-05,0.8999999999999999
Stader MaticX,0.615,0.2,-1.6,-16.4,26.0,244643.0,93394260.0,93.4,77043366.0,7.98251727475147e-09,-0.7000000000000001
Staked Frax Ether,2159.99,0.6,1.7,1.1,21.2,921580.0,205820.0,206000.0,444561266.0,4.858700397888465e-06,1.15
Star Atlas,0.615,-0.6,-1.9,-6.8,21.5,1443290.0,14371629460.0,36000000000.0,43273730.0,1.421185555301103e-08,-1.25
Star Atlas DAO,0.31,0.6,-6.4,-5.0,21.5,626176.0,236079069.0,360000000.0,73607245.0,4.211541948078616e-09,-2.9000000000000004
Stargate Finance,0.53,0.2,-0.7,-6.3,25.7,48370749.0,204348516.0,1000000000.0,107777769.0,4.917526173695431e-09,-0.24999999999999997
Status,0.04,0.1,-3.1,-10.4,47.2,4373033.0,3960483788.0,6.8,156286637.0,2.5593998801061926e-10,-1.5
Steem,0.25,0.4,-5.6,-10.7,14.9,7455073.0,449082200.0,120000000.0,110419068.0,2.264101703883246e-09,-2.5999999999999996
Stella,0.09,0.3,-7.6,-3.8,21.5,7138935.0,822000000.0,1000000000.0,71020572.0,1.2672384559223206e-09,-3.65
Stellar,0.12,0.1,-1.2,-2.7,3.8,74835772.0,27990259191.0,50000000000.0,3257475392.0,3.683834428794359e-11,-0.5499999999999999
Storj,0.74,0.6,-1.6,6.2,97.0,51690015.0,143787439.0,425000000.0,106215443.0,6.966971836665973e-09,-0.5
StormX,0.01,0.9,-3.3,-12.5,17.0,9521915.0,11000000000.0,12.5,83612889.0,1.195987857805033e-10,-1.2
Stratis,0.92,-0.5,-1.5,-8.8,49.7,12622398.0,155531483.0,120000000.0,142904773.0,6.437853548810438e-09,-1.0
Stride,1.19,0.6,-1.6,-14.6,148.2,202066.0,88158090.0,88.2,104702311.0,1.1365556200569441e-08,-0.5
Stride Staked Atom,10.77,0.6,-0.1,-6.7,32.2,14971808.0,3160112.0,3.16,34044207.0,3.163533813550129e-07,0.25
Strike,13.53,0.1,-4.0,-7.2,18.4,2872429.0,3992350.0,6.54,53984131.0,2.506292080537519e-07,-1.95
Sui,0.53,1.2,-1.2,-9.9,33.6,89479970.0,965577711.0,10000000000.0,515742654.0,1.0276443026176386e-09,0.0
Sun Token,0.01,0.1,-1.8,-4.8,-1.2,8530670.0,9692931222.0,19.9,55805515.0,1.7919375889641016e-10,-0.85
SuperRare,0.07,0.2,-5.9,1.9,20.8,9239110.0,354412760.0,1000000000.0,42659716.0,1.640892311613139e-09,-2.85
SuperVerse,0.17,-1.4,-9.2,36.6,118.4,5746712.0,451694843.0,1000000000.0,74543754.0,2.2805398289976113e-09,-5.3
Sushi,1.06,1.0,1.4,4.7,84.3,114268616.0,192789256.0,250000000.0,204063773.0,5.194454578667425e-09,1.2
Sweat Economy,0.01,0.3,-0.8,-6.9,1.4,1608983.0,7687172145.0,22.1,74825233.0,1.3364475590740894e-10,-0.25
Swell Ethereum,2072.21,0.2,2.6,1.7,22.4,627812.0,47588.0,47.6,98607458.0,2.1014739067708247e-05,1.4000000000000001
SwissBorg,0.21,0.5,-1.4,-2.1,3.5,720191.0,984654858.0,985000000.0,203247409.0,1.0332235034789545e-09,-0.44999999999999996
Synapse,0.4,0.7,-3.6,-3.6,32.7,5746712.0,190117589.0,185000000.0,76120783.0,5.254806693199675e-09,-1.4500000000000002
Synthetix Network,3.43,0.0,5.2,25.4,56.6,5746712.0,326492861.0,327000000.0,1126089485.0,3.045939106695415e-09,2.6
Syscoin,0.09,-0.1,-5.2,-5.5,12.8,5746712.0,354412760.0,120000000.0,67857593.0,1.3263069911719385e-09,-2.65
T-mac DAO,18.76,-0.1,-0.6,-2.4,-0.2,4155.0,1750000.0,120000000.0,32830907.0,5.714127849102677e-07,-0.35
THORChain,5.8,0.9,8.2,-0.2,191.9,832767166.0,300700561.0,120000000.0,1745571533.0,3.322693966045561e-09,4.55
THORSwap,0.615,0.3,5.6,-2.2,112.5,2680123.0,150590517.0,444000000.0,58738052.0,1.0470214436120558e-08,2.9499999999999997
TRAC (Ordinals),2.68,1.0,-0.9,0.3,671.5,651320.0,21000000.0,21000000.0,56271494.0,4.7626245715103993e-08,0.04999999999999999
TRON,0.1,0.4,-0.9,-4.2,10.5,702105088.0,88600097491.0,88.6,8845804888.0,1.1304793771300284e-11,-0.25
Taraxa,0.02,0.2,8.9,75.2,288.3,4156493.0,3583528038.0,10.3,70504468.0,2.8366996542687195e-10,4.55
Tectonic,0.615,-0.8,0.5,-3.5,29.4,303414.0,246714945680322.0,500000000000000.0,46431197.0,1.3245404808323163e-08,-0.15000000000000002
Tectum,11.0,-0.3,14.3,0.6,172.9,1407491.0,5016444.0,10000000.0,55159390.0,1.9942207482715091e-07,7.0
Telcoin,0.615,1.3,-0.6,5.9,103.3,1644898.0,72466058901.0,100000000000.0,187298939.0,3.283521002753785e-09,0.35000000000000003
Tellor Tributes,92.02,0.2,2.7,5.5,7.6,36643736.0,2512060.0,120000000.0,231131361.0,3.981285776273346e-07,1.4500000000000002
Telos,0.09,0.0,-4.2,13.0,44.2,1016328.0,367749756.0,355000000.0,98370357.0,9.149097629075393e-10,-2.1
TempleDAO,1.09,0.0,1.0,-0.4,1.8,90743.0,45002239.0,39.5,98370357.0,1.1080573795213533e-08,0.5
Tenset,0.55,-2.4,-8.8,6.7,198.4,207584.0,167306761.0,167000000.0,92159113.0,5.9679393832707574e-09,-5.6000000000000005
Terra,0.63,1.2,3.8,-3.5,52.0,94707227.0,584959462.0,1.08,367720438.0,1.7132580484960698e-09,2.5
Terra Luna Classic,0.615,0.2,-1.9,-10.4,24.7,5746712.0,5803126436839.0,6.83,420059976.0,1.464076644140931e-09,-0.85
TerraClassicUSD,0.01,-0.1,-0.6,-3.5,14.5,8317300.0,8980996763.0,9.79,116148657.0,8.609656158142234e-11,-0.35
Tether,0.615,0.1,-0.3,-0.1,-0.1,47122466339.0,88308652879.0,88.3,88027617310.0,6.986443786547152e-12,-0.09999999999999999
Tether Gold,1983.96,-0.3,-0.7,1.3,0.4,9019407.0,246524.0,247000.0,489695345.0,4.051416906975091e-06,-0.5
Tezos,0.78,0.5,-4.9,-9.4,16.2,5746712.0,891685800.0,120000000.0,697688139.0,1.1179780139561755e-09,-2.2
The Graph,0.14,1.3,3.9,7.9,61.7,100683146.0,9313462072.0,10000000000.0,1312701409.0,1.0665030070063711e-10,2.6
The Sandbox,0.38,0.5,-4.4,-3.5,23.4,84248957.0,2095031926.0,3000000000.0,795605412.0,4.776236992213925e-10,-1.9500000000000002
Theta Fuel,0.04,0.6,-5.9,-6.9,17.9,3023182.0,6356158193.0,6.36,263645121.0,1.5171909818881116e-10,-2.6500000000000004
Theta Network,0.9,0.3,-2.7,-4.8,46.1,19679426.0,1000000000.0,1000000000.0,904181803.0,9.953750418487464e-10,-1.2000000000000002
ThunderCore,0.615,-0.6,-1.6,-9.8,1.2,1076894.0,10476598254.0,10.5,47746196.0,1.2880607284400206e-08,-1.1
Tokamak Network,2.24,1.9,-1.5,-1.7,55.8,20862469.0,354412760.0,61000000.0,95776871.0,2.338769242106479e-08,0.19999999999999996
Tokenize Xchange,7.26,0.2,-1.6,7.5,33.2,11118952.0,79996000.0,100000000.0,581063456.0,1.2494332460652971e-08,-0.7000000000000001
Tokenlon,0.6,0.1,0.4,-3.5,13.1,224262.0,102025623.0,132000000.0,61734397.0,9.719055002675413e-09,0.25
Toncoin,2.39,0.2,0.4,-3.5,10.9,27257580.0,3453524566.0,5.1,8244520721.0,2.8988950126746855e-10,0.30000000000000004
TriasLab,0.615,0.3,0.3,-7.8,18.0,5746712.0,9980937.0,10000000.0,38544005.0,1.5955788714743056e-08,0.3
Tribe,0.29,-0.6,-0.2,-6.9,14.6,121861.0,455015531.0,120000000.0,130731151.0,2.2182930218368534e-09,-0.4
TrueFi,0.05,1.0,0.8,-1.9,27.5,5578944.0,354412760.0,1.2,48480784.0,1.031336456935185e-09,0.9
TrueUSD,1.0,0.1,-1.2,-3.5,-0.4,5746712.0,3275340425.0,3.28,3275141377.0,3.053303307828473e-10,-0.5499999999999999
Trust Wallet,0.615,0.9,-5.3,-8.2,9.3,54485652.0,354412760.0,1000000000.0,465421402.0,1.3213831537553574e-09,-2.1999999999999997
UFO Gaming,0.615,-0.5,1.8,14.1,90.0,1602977.0,25757575757575.0,25.8,45498418.0,1.3516953490558727e-08,0.65
UMA,1.7,0.1,-3.8,-3.5,23.4,7081034.0,74422743.0,116000000.0,126818479.0,1.340498650831477e-08,-1.8499999999999999
USDC,1.0,0.0,-0.4,0.0,21.5,16458242430.0,24264590094.0,24.3,24120082159.0,4.145922859665165e-11,-0.2
USDD,1.0,0.1,0.0,-0.2,-0.4,52709280.0,725332026.0,120000000.0,722016186.0,1.385010501689778e-09,0.05
UXD Protocol,0.01,1.6,-1.6,1.4,9.9,10201.0,3995967598.0,7000000000.0,41520180.0,2.408467400671192e-10,0.0
Ultima,10654.79,-0.9,-6.4,-11.2,-19.9,8150151.0,14083.0,100000.0,150050783.0,7.100789337433848e-05,-3.6500000000000004
Ultra,0.19,0.2,-2.2,0.3,28.7,1150346.0,355228744.0,1000000000.0,67526312.0,2.8137180066934502e-09,-1.0
Unibot,44.17,0.1,-4.8,-12.3,-31.0,12754233.0,1000000.0,1000000.0,44185440.0,9.996505636245787e-07,-2.35
Unifi Protocol DAO,10.56,0.1,14.9,-3.5,64.4,52337575.0,7495742.0,120000000.0,79135548.0,1.3344192675584936e-07,7.5
Uniswap,5.56,1.5,10.1,6.5,31.8,324382183.0,753766667.0,1000000000.0,98370357.0,5.6521092019621316e-08,5.8
Unizen,0.08,0.9,-3.5,-12.8,47.0,1533085.0,589097895.0,999000000.0,47780516.0,1.6743226464946506e-09,-1.3
Uquid Coin,4.14,0.2,-3.7,-8.3,24.8,15779.0,354412760.0,40000000.0,41390186.0,1.000237109347612e-07,-1.75
UwU Lend,10.59,-0.1,1.6,-6.9,-16.2,2719.0,5590323.0,16000000.0,59171829.0,1.7897030020822915e-07,0.75
VVS Finance,0.615,0.2,-1.6,-6.6,61.5,2358227.0,40349606224412.0,84.9,135761211.0,4.530012626360559e-09,-0.7000000000000001
VeChain,0.02,0.4,-1.7,-5.3,13.3,65941926.0,72714516834.0,86000000000.0,98370357.0,2.0331328064611985e-10,-0.6499999999999999
VeThor,0.615,0.3,-4.0,-6.0,10.3,1273602.0,69568481938.0,120000000.0,90497989.0,6.795731118400874e-09,-1.85
Vega Protocol,1.16,0.3,-1.6,-5.3,-14.1,321225.0,58810795.0,65000000.0,68231130.0,1.7001037502969686e-08,-0.65
Velas,0.02,0.1,-4.0,0.8,131.0,889940.0,2525445015.0,120000000.0,41608867.0,4.806667771078698e-10,-1.95
Veno Finance,0.16,0.6,2.6,-3.5,33.9,90748.0,408775490.0,1.83,98370357.0,1.6265062451689588e-09,1.6
Venus,6.51,0.1,-10.2,-7.5,37.8,28825658.0,15338520.0,29.7,99761512.0,6.52556268393366e-08,-5.05
Verasity,0.01,1.7,1.3,0.4,47.4,22651246.0,10249906818.0,100000000000.0,75221798.0,1.329401884278278e-10,1.5
Verge,0.615,0.2,-1.6,-3.5,-5.8,5746712.0,16521951238.0,16.6,53975589.0,1.1394039627802858e-08,-0.7000000000000001
Verus Coin,1.26,0.2,-1.6,-4.6,90.0,2186.0,69350413.0,83.5,88269185.0,1.4274517205523082e-08,-0.7000000000000001
Viction,1.43,-0.4,1.9,12.7,-2.6,354279.0,354412760.0,100000000.0,138331233.0,1.0337506353319354e-08,0.75
Victoria VR,0.01,0.5,-7.0,1.5,25.5,689470.0,5108261393.0,16.8,40015370.0,2.4990397439783765e-10,-3.25
Virtua,0.05,-0.6,2.5,-2.9,140.5,17066121.0,1193878749.0,1.2,58000404.0,8.620629608028248e-10,0.95
VitaDAO,2.32,0.2,2.5,-2.0,23.7,241053.0,23817382.0,25.7,55092107.0,4.2111295543661086e-08,1.35
Voyager VGX,0.14,0.2,1.0,6.1,24.8,29202655.0,293837084.0,294000000.0,42266647.0,3.3123043803309027e-09,0.6
Vulcan Forged,6.27,0.8,1.5,-7.3,100.8,14682494.0,23897700.0,50000000.0,149952676.0,4.1813191783253004e-08,1.15
WAX,0.06,0.5,-1.6,-5.9,20.7,6744387.0,3370750857.0,3.77,203888921.0,2.942778828085514e-10,-0.55
WEMIX,1.74,-0.2,-2.1,-2.7,70.3,4792920.0,325164508.0,978000000.0,98370357.0,1.7688255416212427e-08,-1.1500000000000001
WINkLink,0.615,0.2,-2.0,-7.0,2.4,5746712.0,961737300000.0,120000000.0,63957496.0,9.615761067318833e-09,-0.9
WOO Network,0.22,0.0,-2.3,-14.8,15.8,22740864.0,1772540815.0,2.23,382123712.0,5.757297783184939e-10,-1.15
Wall Street Memes,0.02,0.0,-8.1,-17.1,-37.4,28483878.0,1811139429.0,120000000.0,34460393.0,5.803764338961543e-10,-4.05
Wanchain,0.2,0.2,-0.6,-3.9,13.5,1095991.0,197343564.0,210000000.0,40156149.0,4.980557274055338e-09,-0.19999999999999998
Waves,2.03,0.3,-3.1,-3.5,28.9,54488248.0,100000000.0,100000000.0,202570656.0,1.0021194777589108e-08,-1.4000000000000001
WazirX,0.11,0.3,-4.0,-9.2,6.1,917078.0,456517027.0,120000000.0,51610373.0,2.1313544856573696e-09,-1.85
WhiteBIT Coin,0.615,0.2,-0.2,0.3,1.0,4962253.0,144118517.0,364000000.0,781967174.0,7.86478026761773e-10,0.0
Wilder World,0.29,-0.4,1.2,-2.6,17.1,539086.0,278114681.0,500000000.0,81539807.0,3.5565450872357348e-09,0.39999999999999997
World Mobile Token,0.13,-0.7,-2.6,-6.3,-1.4,1595380.0,495061974.0,120000000.0,65029496.0,1.999092842423383e-09,-1.65
World$tateCoin,0.05,3.3,0.7,-1.1,-20.8,179973.0,927499686.0,995000000.0,98370357.0,5.082832016152996e-10,2.0
Worldcoin,0.615,2.7,7.7,11.3,70.5,195902550.0,354412760.0,10000000000.0,300460340.0,2.0468591628432556e-09,5.2
Wrapped Beacon ETH,2068.57,0.3,1.7,0.8,20.7,15016672.0,70938.0,70.9,146739074.0,1.4096926903055147e-05,1.0
Wrapped Bitcoin,36410.06,0.4,-1.4,-3.5,18.2,309567762.0,162623.0,163000.0,5917513839.0,6.152931955990648e-06,-0.49999999999999994
Wrapped Centrifuge,0.5,-1.4,2.6,-7.4,54.2,591217.0,360263043.0,120000000.0,181072705.0,2.761321757467532e-09,0.6000000000000001
Wrapped NXM,41.94,0.6,5.0,5.3,31.1,2813704.0,2184877.0,2.18,91678155.0,4.574699392674296e-07,2.8
XCAD Network,0.92,-0.2,-4.0,15.1,30.6,2717879.0,42821728.0,199000000.0,39186512.0,2.347746591990632e-08,-2.1
XDC Network,0.05,0.1,-2.5,-3.9,3.0,14086676.0,354412760.0,37.9,683675610.0,7.313409937206917e-11,-1.2
XRP,0.59,0.1,-1.9,-6.9,12.1,1339890506.0,53718306475.0,100000000000.0,31863926051.0,1.851623679566893e-11,-0.8999999999999999
XYO Network,0.615,-0.2,-1.5,7.3,30.1,5746712.0,13931216938.0,13.9,55725827.0,1.1036175380582508e-08,-0.85
Xido Finance,1.24,0.0,-4.5,-2.8,-19.8,18829.0,28314464.0,100000000.0,35060569.0,3.5367366684779133e-08,-2.25
Yield Guild Games,0.615,0.7,-5.8,-15.5,48.5,35411873.0,283938127.0,1000000000.0,99637697.0,6.172362655070199e-09,-2.55
Zano,2.4,1.2,8.1,150.7,157.8,54915.0,354412760.0,120000000.0,33196112.0,7.229762328793203e-08,4.6499999999999995
Zcash,28.19,0.5,-1.5,-6.1,7.7,42818122.0,14435666.0,21000000.0,407030960.0,6.925763091829673e-08,-0.5
Zebec Protocol,0.01,-0.7,4.6,9.5,30.2,12333295.0,354412760.0,120000000.0,32679059.0,3.0600636327992186e-10,1.9499999999999997
Zenon,0.615,-0.9,32.3,448.0,368.2,5746712.0,10378024.0,10.4,34782563.0,1.7681273228772702e-08,15.7
Zephyr Protocol,44.48,-0.4,53.7,251.1,1941.4,5746712.0,2415561.0,2.42,98370357.0,4.5216873615697053e-07,26.650000000000002
Zilliqa,0.02,0.0,-5.0,-7.1,14.0,5746712.0,17324063149.0,18.4,348448907.0,5.7397224092885446e-11,-2.5
aelf,0.46,0.1,-4.9,1.3,29.4,13393136.0,461329999.0,120000000.0,210325146.0,2.187089887958523e-09,-2.4000000000000004
cDAI,0.02,-0.1,-0.4,-0.1,0.0,4959.0,6938854230.0,6.94,155891640.0,1.2829424336032389e-10,-0.25
cUSDC,0.02,0.1,0.2,0.3,0.4,2.61,6401309257.0,6.4,148317735.0,1.3484564067810232e-10,0.15000000000000002
cWBTC,731.94,-0.2,0.3,1.1,18.5,5746712.0,602088.0,602000.0,440695054.0,1.6608763664499853e-06,0.04999999999999999
crvUSD,0.99,0.0,-0.2,-0.4,-0.7,5746712.0,354412760.0,157000000.0,156006137.0,6.345904199909776e-09,-0.1
dKargo,0.03,-0.4,-2.6,-6.2,20.7,3448376.0,3152916667.0,5000000000.0,108294993.0,2.770211176799282e-10,-1.5
dYdX,0.615,-0.5,12.7,-3.5,65.2,650791208.0,180263183.0,1000000000.0,611927904.0,1.0050203561235213e-09,6.1
e-Radix,0.06,2.1,7.6,32.3,38.3,651247.0,1225232895.0,1.23,67994491.0,8.824244305321735e-10,4.85
eCash,0.615,0.2,-3.6,-3.5,3.0,5746712.0,19558792173093.0,120000000.0,547827392.0,1.1226163732973762e-09,-1.7
eUSD,1.0,0.4,-1.6,-0.2,-1.0,53423.0,354412760.0,120000000.0,115979611.0,8.622205156387359e-09,-0.6000000000000001
iExec RLC,1.42,0.8,-3.4,2.6,39.7,11867966.0,72382548.0,87000000.0,102662015.0,1.3831795528268172e-08,-1.2999999999999998
inSure DeFi,0.615,1.4,-2.4,11.5,69.2,438091.0,354412760.0,88000000000.0,138424432.0,4.442857312934468e-09,-0.5
peg-eUSD,0.96,-0.1,-0.5,-0.5,1.6,34585.0,40646802.0,120000000.0,38906098.0,2.467479519534444e-08,-0.3
sETH2,2012.43,0.6,1.7,0.9,21.5,36596.0,86381.0,86.4,173835150.0,1.1576657540204039e-05,1.15
tBTC,36376.58,0.5,-1.6,1.1,17.8,4494424.0,1621.0,1.62,58955992.0,0.0006170124319170137,-0.55
tomiNet,2.04,0.2,-3.6,-11.5,-13.1,30070435.0,85951707.0,121000000.0,175567288.0,1.1619476630521285e-08,-1.7
xSUSHI,0.615,0.8,1.2,5.1,84.3,45947.0,24762739.0,24.8,35486434.0,1.7330566379253548e-08,1.0
yearn.finance,7919.26,0.2,-2.0,-28.0,21.5,94564990.0,33231.0,36.7,98370357.0,8.050453654447955e-05,-0.9
